,experience (time),turnover,female,age,industry,profession,coach,head_female,greywage,foot,extraversion,independ,selfcontrol,anxiety,novator,bus,car,Company
0,7.030800821,1,0,35.0,Banks,HR,0,1,0,0,6.2,4.1,5.7,7.1,8.3,1,0,Credit suisse
1,22.9650924,1,0,33.0,Banks,HR,0,0,0,0,6.2,4.1,5.7,7.1,8.3,1,0,Unicredit
2,15.93429158,1,1,35.0,PowerGeneration,HR,0,0,0,0,6.2,6.2,2.6,4.8,8.3,1,0,Sma solar technology ag
3,15.93429158,1,1,35.0,PowerGeneration,HR,0,0,0,0,5.4,7.6,4.9,2.5,6.7,1,0,Mbp group
4,8.410677618,1,0,32.0,Retail,Commercial,1,1,0,0,3.0,4.1,8.0,7.1,3.7,1,0,General optica
5,8.969199179,1,1,42.0,manufacture,HR,1,0,0,0,6.2,6.2,4.1,5.6,6.7,1,0,Simon
6,8.969199179,1,1,42.0,manufacture,HR,1,0,0,0,6.2,6.2,4.1,5.6,6.7,1,0,Simon
7,120.4435318,1,1,28.0,Retail,HR,0,0,0,0,3.8,5.5,8.0,4.0,4.4,1,0,Global intergold
8,8.607802875,1,1,29.0,Banks,HR,0,1,0,0,8.6,6.9,2.6,4.0,7.5,1,0,Lbbw
9,4.435318275,1,1,30.0,Consult,Marketing,1,0,0,0,5.4,5.5,3.3,7.9,8.3,1,0,Ebbinge
10,67.35112936,1,1,40.0,manufacture,HR,0,0,0,0,8.6,4.1,1.8,7.1,6.7,0,1,Groupe delta dore
11,20.92813142,1,0,23.0,Banks,HR,1,0,0,0,3.0,6.9,4.9,4.8,7.5,1,0,Ing
12,20.92813142,1,1,22.0,Consult,HR,1,1,0,1,5.4,8.4,4.9,3.3,6.0,0,0,Ebbinge
13,8.936344969,1,1,24.0,State,etc,1,1,0,1,7.0,6.2,4.1,7.1,9.0,0,0,Caisse des dépôts
14,33.57700205,1,1,25.0,etc,HR,1,1,0,1,9.4,1.2,4.1,5.6,6.7,0,0,Teatro alla scala
15,16.39425051,1,1,28.0,Building,HR,0,0,0,0,8.6,5.5,4.9,4.8,5.2,0,1,Bsk
16,15.34291581,1,1,30.0,Banks,HR,0,0,0,0,5.4,5.5,3.3,4.8,6.7,1,0,Unicredit
17,26.4476386,1,1,27.0,IT,Sales,1,0,0,0,5.4,6.9,2.6,5.6,8.3,1,0,Giesecke & devrient
18,14.71868583,1,1,36.0,Banks,HR,1,1,1,0,5.4,6.9,3.3,3.3,7.5,1,0,Lbbw
19,45.37166324,1,1,29.0,etc,HR,0,0,0,0,7.8,6.2,6.4,7.9,6.0,1,0,Teatro alla scala
20,45.37166324,1,1,29.0,etc,HR,0,0,0,0,3.8,3.4,5.7,8.7,7.5,1,0,Teatro real
21,36.96098563,1,1,48.0,State,BusinessDevelopment,0,1,0,0,4.6,6.2,4.9,5.6,6.7,1,0,Comune di modena
22,22.47227926,1,1,29.0,Banks,Finanñe,0,1,0,0,7.8,4.8,5.7,7.1,6.0,0,1,Credit suisse
23,59.20328542,1,1,25.0,Banks,HR,1,1,0,0,5.4,4.8,7.2,5.6,5.2,1,0,Unicredit
24,59.20328542,1,1,25.0,Banks,HR,1,1,0,0,4.6,4.1,8.7,5.6,2.1,1,0,Ing
25,12.38603696,1,1,36.0,Banks,Finanñe,0,0,0,0,7.8,6.9,3.3,3.3,7.5,0,1,Société générale
26,24.3449692,1,1,36.0,Retail,HR,1,0,0,0,7.8,2.6,5.7,7.1,5.2,1,0,Caprabo
27,11.95893224,1,0,29.0,Banks,HR,0,1,0,0,3.8,1.9,9.5,7.9,3.7,0,1,Ing
28,3.252566735,1,1,35.0, HoReCa,HR,1,1,0,0,3.0,7.6,7.2,4.0,7.5,1,0,Buffalo grill
29,3.252566735,1,1,35.0, HoReCa,HR,1,1,0,0,1.4,8.4,8.0,4.8,6.0,1,0,Buffalo grill
30,14.58726899,1,1,21.0,Telecom,Sales,1,1,0,0,8.6,4.1,4.9,5.6,6.0,1,0,Netcologne
31,16.91991786,1,0,35.0,etc,Sales,0,0,0,0,4.6,3.4,4.1,8.7,4.4,0,1,Uefa
32,28.15605749,1,1,25.0,etc,etc,1,1,0,0,3.8,6.9,6.4,7.1,7.5,1,0,Teatro alla scala
33,60.94455852,1,1,30.40033257,Retail,HR,0,0,0,0,7.0,6.2,4.1,2.5,6.7,1,0,Zooplus ag
34,87.68788501,1,1,29.0,Consult,HR,0,1,0,0,7.0,6.2,4.1,4.0,9.0,1,0,Soges s.p.a.
35,43.4661191,1,1,22.0,Pharma,HR,0,0,0,0,3.0,4.1,8.7,7.1,6.0,1,0,Cromsource
36,22.73511294,1,1,34.0,Retail,HR,0,0,0,0,5.4,5.5,4.9,4.8,4.4,0,1,Global intergold
37,22.73511294,1,1,34.0,Retail,HR,0,0,0,0,6.2,6.2,4.9,3.3,2.9,0,1,Global intergold
38,22.73511294,1,1,34.0,Retail,HR,0,0,0,0,5.4,5.5,4.9,4.8,4.4,0,1,Lidl italia
39,22.73511294,1,1,34.0,Retail,HR,0,0,0,0,6.2,6.2,4.9,3.3,2.9,0,1,Intertoys
40,13.07597536,1,1,21.0,etc,HR,0,1,0,0,5.4,7.6,4.9,3.3,2.1,1,0,Teatro real
41,7.589322382,1,1,22.0,etc,HR,1,1,1,0,7.0,4.8,6.4,4.0,4.4,0,1,Uefa
42,36.23819302,1,1,32.0,Retail,HR,0,0,0,0,3.0,7.6,7.2,4.8,2.9,0,1,Edeka aktiengesellschaft
43,19.08829569,1,1,36.0,Pharma,etc,0,1,0,0,4.6,7.6,5.7,5.6,8.3,0,1,Cromsource
44,4.369609856,1,1,30.0,Banks,HR,0,0,0,0,6.2,3.4,8.0,3.3,3.7,1,0,Banco santander
45,80.98562628,1,1,32.0,Retail,HR,1,0,0,0,3.8,6.2,8.0,4.0,6.0,1,0,Tape à l'oeil
46,9.100616016,1,1,33.0,Retail,HR,0,0,0,0,7.0,4.8,4.1,7.1,8.3,0,1,Caprabo
47,36.92813142,1,1,49.0,State,BusinessDevelopment,1,1,0,0,4.6,6.2,4.9,5.6,6.7,1,0,Ayuntamiento de malaga
48,3.975359343,1,1,29.0,Retail,HR,1,0,0,0,7.8,5.5,5.7,4.0,5.2,1,0,Lidl italia
49,3.975359343,1,1,29.0,Retail,HR,1,0,0,0,6.2,6.2,5.7,6.3,2.9,1,0,Edeka aktiengesellschaft
50,3.975359343,1,1,29.0,Retail,HR,1,0,0,0,7.0,6.2,5.7,4.0,3.7,1,0,General optica
51,7.589322382,1,0,36.0,Mining,HR,0,0,0,1,4.6,4.8,7.2,6.3,7.5,0,0,Dunlop conveyor belting
52,95.21149897,1,1,22.0,State,Teaching,1,0,0,0,8.6,4.8,4.9,4.0,6.7,1,0,Comune di modena
53,41.69199179,1,1,21.0,transport,HR,1,1,0,1,7.8,5.5,2.6,7.1,9.0,0,0,Sbb cargo
54,14.9486653,1,1,25.0,Retail,HR,0,1,0,0,8.6,6.2,3.3,6.3,6.0,1,0,General optica
55,50.72689938,1,0,38.0,manufacture,HR,0,0,0,0,6.2,3.4,7.2,6.3,3.7,0,1,Siemens
56,50.72689938,1,0,38.0,manufacture,HR,0,0,0,0,7.0,5.5,5.7,6.3,6.0,0,1,"Mettler-toledo international, inc"
57,35.28542094,1,1,23.0,Consult,HR,1,1,0,0,10.0,4.8,4.1,5.6,8.3,1,0,Vertone
58,35.28542094,1,1,23.0,Consult,HR,1,1,0,0,8.6,4.8,4.1,6.3,9.0,1,0,Vertone
59,35.94250513,1,0,38.0,Banks,BusinessDevelopment,0,0,0,0,8.6,3.4,6.4,4.0,6.0,0,1,Unicredit
60,15.57289528,1,1,24.0,Retail,HR,0,1,0,1,6.2,7.6,3.3,3.3,6.7,0,0,Coop
61,15.57289528,1,1,24.0,Retail,HR,0,1,0,1,6.2,7.6,3.3,3.3,6.7,0,0,Lidl italia
62,52.96098563,1,1,36.0,manufacture,HR,1,0,0,0,4.6,4.1,8.0,5.6,6.0,0,1,Siemens
63,7.819301848,1,1,21.0,State,Sales,1,0,1,0,4.6,5.5,7.2,3.3,5.2,1,0,Caisse des dépôts
64,81.83983573,1,1,29.0,Telecom,HR,1,1,0,1,3.8,6.9,6.4,5.6,8.3,0,0,Netcologne
65,55.72073922,1,1,29.0,Banks,HR,1,1,0,0,7.0,6.2,4.1,4.0,4.4,1,0,Société générale
66,4.336755647,1,1,26.0,manufacture,HR,0,1,0,0,3.8,4.8,5.7,7.9,2.9,0,1,Carel
67,18.95687885,1,0,36.0,etc,manage,1,0,0,0,6.2,4.1,6.4,6.3,5.2,0,1,Teatro alla scala
68,18.95687885,1,0,36.0,etc,manage,1,0,0,0,8.6,2.6,7.2,4.8,4.4,0,1,Teatro alla scala
69,53.81519507,1,1,30.40033257,State,Teaching,0,0,0,1,4.6,9.1,4.1,4.0,6.0,0,0,Comune di modena
70,90.51334702,1,1,22.0,State,HR,1,1,0,0,6.2,5.5,3.3,6.3,6.7,1,0,Caisse des dépôts
71,40.57494867,1,0,29.0,Banks,Marketing,0,1,0,0,6.2,4.8,6.4,5.6,5.2,1,0,Banco santander
72,59.49897331,1,1,23.0,State,Teaching,0,1,0,0,7.0,5.5,3.3,6.3,5.2,1,0,Caisse des dépôts
73,6.603696099,1,0,22.0,manufacture,manage,0,1,0,1,7.8,5.5,1.0,9.4,9.0,0,0,Siemens
74,44.78028747,1,1,36.0,etc,HR,0,0,0,0,7.8,4.8,4.9,5.6,9.0,1,0,Teatro alla scala
75,6.669404517,1,0,27.0,State,Teaching,0,1,0,0,6.2,5.5,6.4,4.0,4.4,1,0,Ayuntamiento de malaga
76,15.70431211,0,1,34.0,Retail,HR,0,1,0,0,8.6,5.5,4.1,5.6,6.7,0,1,Edeka aktiengesellschaft
77,15.70431211,0,1,34.0,Retail,HR,0,1,0,0,8.6,3.4,4.1,7.1,6.0,0,1,Action
78,15.70431211,0,1,34.0,Retail,HR,0,1,0,0,7.8,4.1,4.1,7.1,6.7,0,1,Sarenza
79,59.20328542,1,1,25.0,Banks,HR,0,1,0,0,5.4,4.8,7.2,5.6,5.2,1,0,Unicredit
80,59.20328542,1,1,25.0,Banks,HR,0,1,0,0,4.6,4.1,8.7,5.6,2.1,1,0,Lbbw
81,17.3798768,1,1,24.0,Consult,HR,0,1,0,0,5.4,6.9,4.9,4.0,6.7,1,0,Vertone
82,38.86652977,1,1,27.0,Retail,etc,1,0,0,0,5.4,6.9,2.6,5.6,8.3,1,0,Zooplus ag
83,7.950718686,1,1,34.0,Banks,BusinessDevelopment,1,0,0,0,7.0,6.2,7.2,2.5,5.2,0,1,Société générale
84,7.950718686,1,1,34.0,Banks,BusinessDevelopment,1,0,0,0,8.6,6.9,5.7,3.3,4.4,0,1,Ing
85,96.52566735,1,1,24.0,IT,HR,0,1,0,0,6.2,4.8,7.2,4.0,6.7,1,0,Sita
86,86.53798768,1,1,23.0,State,Teaching,1,1,0,0,3.8,6.9,8.0,1.7,2.1,1,0,Comune di modena
87,52.862423,1,1,38.0,Telecom,HR,0,0,0,0,4.6,5.5,7.2,6.3,7.5,0,1,Vodafoneziggo
88,17.57700205,1,1,25.0,Banks,HR,0,0,0,0,6.2,6.2,5.7,5.6,7.5,1,0,Credit suisse
89,17.57700205,1,1,25.0,Banks,HR,0,0,0,0,6.2,7.6,4.1,4.8,9.0,1,0,Unicredit
90,25.06776181,1,1,28.0,manufacture,HR,1,0,0,0,6.2,4.8,4.1,4.0,6.7,1,0,Simon
91,86.83367556,1,1,29.0,manufacture,HR,1,1,0,0,7.0,5.5,1.8,6.3,6.0,0,1,"Mettler-toledo international, inc"
92,13.10882957,1,0,26.0,etc,Commercial,0,0,0,0,6.2,4.1,4.9,6.3,2.9,0,1,Teatro alla scala
93,26.18480493,1,0,21.0,etc,Marketing,0,0,0,0,4.6,6.9,4.1,5.6,6.0,1,0,Mcfit global group gmbh
94,9.626283368,1,1,25.0,Consult,HR,1,1,0,0,5.4,6.9,5.7,3.3,2.9,1,0,Ebbinge
95,9.889117043,1,1,25.0,Consult,HR,1,1,0,0,5.4,6.9,5.7,3.3,2.9,1,0,Soges s.p.a.
96,3.351129363,1,1,24.0,Consult,HR,0,1,0,0,4.6,6.9,5.7,5.6,2.9,1,0,Ebbinge
97,15.3100616,1,1,31.0,State,HR,0,0,1,0,2.2,1.0,8.0,8.7,3.7,1,0,Comune di modena
98,80.06570842,1,1,45.0,Retail,HR,0,1,0,0,3.0,5.5,10.0,6.3,2.9,1,0,Coin
99,16.78850103,1,1,21.0,etc,etc,1,1,0,0,7.0,6.9,5.7,4.0,5.2,1,0,Teatro alla scala
100,19.44969199,1,1,22.0,etc,HR,1,1,0,0,5.4,6.2,4.1,8.7,8.3,1,0,Uefa
101,9.034907598,1,1,37.0,Mining,Commercial,1,0,0,0,3.8,7.6,4.9,7.1,9.0,1,0,Dunlop conveyor belting
102,18.49691992,1,1,32.0,etc,HR,1,0,0,0,7.8,6.2,3.3,4.0,8.3,1,0,Uefa
103,53.19096509,1,1,37.0,manufacture,HR,1,0,0,0,7.0,4.8,5.7,6.3,8.3,1,0,Imtech
104,42.57905544,1,1,30.0,Retail,HR,0,1,0,0,6.2,6.2,5.7,5.6,8.3,1,0,Intertoys
105,23.6550308,1,1,37.0,transport,HR,0,0,0,0,6.2,5.5,5.7,6.3,9.0,1,0,Systra
106,41.29774127,1,1,22.0,Pharma,HR,0,0,0,0,3.8,1.9,8.7,6.3,4.4,1,0,Cromsource
107,41.29774127,1,1,22.0,Pharma,HR,0,0,0,0,5.4,2.6,8.0,7.1,5.2,1,0,Cromsource
108,123.3347023,1,1,22.0,Banks,IT,1,0,0,0,4.6,4.8,6.4,7.1,6.0,1,0,Unicredit
109,123.3347023,1,1,22.0,Banks,IT,1,0,0,0,4.6,6.2,6.4,4.0,6.7,1,0,Société générale
110,13.17453799,1,0,28.0,Telecom,IT,0,0,0,0,8.6,6.2,1.0,5.6,6.7,0,1,Netcologne
111,13.17453799,1,0,28.0,Telecom,IT,0,0,0,0,7.0,6.2,2.6,5.6,8.3,0,1,Netcologne
112,14.85010267,1,0,25.0,manufacture,HR,1,1,0,0,6.2,5.5,5.7,5.6,4.4,0,1,Siemens
113,24.24640657,1,1,23.0,Building,Marketing,1,1,0,0,3.8,7.6,7.2,2.5,4.4,1,0,Xervon gmbh
114,12.09034908,1,0,25.0,Building,HR,1,1,0,0,7.0,4.8,4.9,5.6,6.0,1,0,Bsk
115,11.49897331,1,1,26.0,Banks,HR,0,1,0,0,4.6,6.2,5.7,4.0,6.0,1,0,Lbbw
116,11.49897331,1,1,26.0,Banks,HR,0,1,0,0,4.6,5.5,6.4,5.6,5.2,1,0,Unicredit
117,27.36755647,1,0,30.0,Retail,Sales,0,0,0,0,7.0,4.8,1.8,8.7,6.7,0,1,Action
118,15.54004107,1,0,38.0,IT,IT,0,0,0,0,6.2,4.1,1.8,8.7,8.3,0,1,Linkbynet
119,4.960985626,1,1,37.0,State,Marketing,0,1,0,1,9.4,4.1,4.9,4.0,8.3,0,0,Comune di modena
120,19.8110883,1,1,26.0,Agriculture,Law,0,0,1,0,5.4,4.8,8.7,5.6,2.9,1,0,Syngenta
121,103.3921971,1,1,27.0,Banks,HR,0,1,0,0,3.8,4.8,9.5,6.3,3.7,0,1,Banco santander
122,3.975359343,1,1,29.0,Retail,etc,0,0,0,0,7.8,5.5,5.7,4.0,5.2,1,0,Caprabo
123,3.975359343,1,1,29.0,Retail,etc,0,0,0,0,6.2,6.2,5.7,6.3,2.9,1,0,Global intergold
124,3.975359343,1,1,29.0,Retail,etc,0,0,0,0,7.0,6.2,5.7,4.0,3.7,1,0,Sarenza
125,70.93223819,1,1,26.0,manufacture,HR,0,0,0,0,3.8,5.5,8.7,3.3,3.7,1,0,Carel
126,70.93223819,1,1,26.0,manufacture,HR,0,0,0,0,3.0,6.9,6.4,3.3,2.9,1,0,Carel
127,51.94250513,1,1,49.0,manufacture,HR,1,0,0,0,6.2,8.4,3.3,3.3,6.0,1,0,Groupe delta dore
128,38.76796715,1,0,21.0,Banks,HR,1,1,0,1,7.8,6.2,2.6,5.6,9.0,0,0,Unicredit
129,38.76796715,1,0,21.0,Banks,HR,1,1,0,1,7.0,3.4,3.3,7.1,8.3,0,0,Banco santander
130,34.95687885,1,0,26.0,Mining,HR,1,1,0,0,4.6,3.4,8.7,7.9,7.5,0,1,Dunlop conveyor belting
131,49.3798768,1,1,22.0,etc,Marketing,0,1,1,0,5.4,6.9,6.4,4.0,4.4,0,1,Teatro real
132,25.65913758,1,0,51.0,Retail,etc,0,0,0,0,3.0,5.5,9.5,5.6,5.2,0,1,Coop
133,50.72689938,1,1,28.0,manufacture,Finanñe,0,0,0,0,7.8,3.4,6.4,4.0,4.4,0,1,"Mettler-toledo international, inc"
134,22.07802875,1,0,52.0,Consult,Consult,0,0,0,1,3.0,9.1,4.9,6.3,6.7,0,0,Soges s.p.a.
135,11.07186858,1,1,43.0,Pharma,HR,1,1,0,0,4.6,5.5,3.3,7.9,7.5,0,1,Cromsource
136,50.59548255,1,1,44.0,manufacture,HR,0,0,1,0,7.0,6.9,4.9,3.3,6.0,0,1,Simon
137,17.41273101,1,1,45.0,manufacture,Engineer,1,1,0,0,3.8,4.1,7.2,5.6,3.7,1,0,Carel
138,24.41067762,1,1,27.0,Building,HR,0,1,0,0,3.8,9.8,4.1,4.0,9.0,1,0,Xervon gmbh
139,23.88501027,1,1,26.0,Retail,HR,1,1,0,0,7.0,5.5,4.1,4.8,7.5,1,0,Intertoys
140,20.04106776,1,1,25.0,manufacture,HR,1,1,0,0,9.4,3.4,1.8,8.7,7.5,0,1,Siemens
141,150.9979466,1,1,19.0,Banks,HR,1,0,0,1,7.0,3.4,5.7,7.9,6.7,0,0,Credit suisse
142,10.7761807,1,1,31.0,etc,HR,0,0,0,0,9.4,3.4,1.0,8.7,9.8,1,0,Uefa
143,78.68583162,1,1,31.0,Banks,HR,0,1,1,0,3.8,4.1,7.2,8.7,2.1,1,0,Ing
144,78.68583162,1,1,31.0,Banks,HR,0,1,1,0,3.8,4.1,7.2,8.7,2.1,1,0,Unicredit
145,81.18275154,1,1,31.0,RealEstate,HR,1,1,0,0,6.2,4.8,8.7,6.3,5.2,1,0,Metrovacesa
146,13.40451745,1,1,30.40033257,etc,HR,0,1,0,0,6.2,4.1,6.4,6.3,1.0,1,0,Mcfit global group gmbh
147,13.40451745,1,1,30.40033257,etc,HR,0,1,0,0,7.0,6.9,4.1,6.3,3.7,1,0,Mcfit global group gmbh
148,142.4558522,1,1,18.0,Retail,HR,0,1,0,0,6.2,5.5,6.4,4.8,5.2,1,0,General optica
149,10.94045175,1,0,33.0,IT,Consult,1,0,0,0,3.0,10.0,5.7,6.3,8.3,0,1,Giesecke & devrient
150,12.05749487,1,1,36.0,Retail,Sales,0,0,0,0,5.4,4.8,4.9,4.8,6.0,1,0,Global intergold
151,54.07802875,1,1,31.0,etc,HR,1,0,0,0,3.0,5.5,7.2,5.6,6.0,0,1,Mcfit global group gmbh
152,5.650924025,1,1,45.0,IT,HR,0,0,0,0,7.8,4.8,4.1,4.0,6.0,0,1,Teoresi s.p.a
153,19.84394251,1,1,29.0,Retail,HR,1,1,0,0,8.6,6.9,4.9,3.3,6.0,0,1,Intertoys
154,79.86858316,1,0,23.0,Banks,HR,0,1,0,0,5.4,5.5,5.7,8.7,5.2,1,0,Société générale
155,8.772073922,1,1,27.0,Retail,HR,1,1,0,0,6.2,4.8,6.4,6.3,2.9,0,1,General optica
156,19.18685832,1,1,22.0,Retail,Sales,1,0,1,0,8.6,4.1,4.9,4.8,5.2,1,0,Coin
157,7.589322382,1,0,47.0,manufacture,Commercial,0,0,1,0,3.8,1.9,8.7,8.7,2.1,1,0,Groupe delta dore
158,7.589322382,1,0,47.0,manufacture,Commercial,0,0,1,0,4.6,4.1,5.7,9.4,3.7,1,0,"Mettler-toledo international, inc"
159,7.589322382,1,0,47.0,manufacture,Commercial,0,0,1,0,3.0,5.5,4.9,9.4,4.4,1,0,"Mettler-toledo international, inc"
160,10.84188912,1,1,30.40033257,Consult,HR,0,0,0,0,7.8,5.5,4.9,7.1,6.0,1,0,Soges s.p.a.
161,51.08829569,1,1,28.0,transport,HR,1,1,0,0,4.6,6.9,4.9,4.0,6.0,0,1,Systra
162,128.0657084,0,1,43.0,manufacture,HR,1,0,0,0,4.6,7.6,4.9,5.6,6.0,1,0,Groupe delta dore
163,28.35318275,1,0,26.0,Consult,Consult,0,1,0,0,8.6,5.5,4.1,7.1,6.7,1,0,Ebbinge
164,4.533880903,1,1,31.0,Retail,Sales,0,1,1,0,5.4,5.5,7.2,4.8,1.3,1,0,Lidl italia
165,17.93839836,1,0,24.0,Retail,HR,1,1,1,0,4.6,7.6,6.4,4.8,6.7,1,0,Action
166,23.45790554,1,1,27.0,Building,HR,0,1,0,0,3.8,9.8,4.1,4.0,9.0,1,0,Bsk
167,16.22997947,1,0,35.0,Retail,HR,0,0,0,0,6.2,5.5,5.7,4.0,2.9,0,1,Edeka aktiengesellschaft
168,16.22997947,1,0,35.0,Retail,HR,0,0,0,0,7.0,4.8,2.6,5.6,6.0,0,1,Zooplus ag
169,71.2936345,1,1,31.0,PowerGeneration,HR,1,1,0,0,5.4,4.1,6.4,4.8,4.4,0,1,Mbp group
170,9.527720739,1,0,23.0,IT,HR,0,1,0,0,7.0,4.1,6.4,4.8,5.2,1,0,Sita
171,17.01848049,1,1,40.0,Banks,Sales,1,1,0,0,5.4,4.1,4.9,6.3,7.5,0,1,Lbbw
172,130.9897331,1,1,31.0,IT,HR,0,0,0,0,5.4,6.9,3.3,4.0,8.3,1,0,Teoresi s.p.a
173,37.09240246,1,1,37.0,etc,HR,1,1,0,0,6.2,6.2,6.4,5.6,5.2,1,0,Teatro alla scala
174,0.427104723,1,1,24.0,IT,HR,1,1,0,0,8.6,4.1,4.9,3.3,6.0,1,0,Sita
175,12.8788501,1,1,23.0,Building,HR,0,1,1,0,5.4,8.4,4.1,4.8,6.0,1,0,Xervon gmbh
176,12.8788501,1,1,23.0,Building,HR,0,1,1,0,7.8,5.5,4.1,4.8,5.2,1,0,Xervon gmbh
177,8.147843943,1,1,46.0,RealEstate,HR,0,0,0,0,4.6,7.6,6.4,4.0,6.0,0,1,Metrovacesa
178,7.326488706,1,1,23.0,Consult,Marketing,1,1,0,0,6.2,4.8,5.7,3.3,3.7,1,0,Ebbinge
179,17.93839836,1,1,40.0,IT,HR,1,0,0,0,3.0,8.4,7.2,4.8,8.3,1,0,Teoresi s.p.a
180,14.6201232,1,0,39.0,manufacture,Engineer,0,0,0,0,3.8,4.8,5.7,7.9,3.7,0,1,Simon
181,16.0,1,1,28.0,Retail,HR,0,1,0,0,3.0,5.5,6.4,5.6,3.7,0,1,Intertoys
182,32.45995893,1,0,40.0,etc,HR,1,0,0,0,5.4,3.4,5.7,7.9,9.8,0,1,Teatro real
183,73.49486653,1,0,33.0,Retail,Finanñe,0,1,0,0,2.2,6.2,6.4,6.3,5.2,1,0,General optica
184,73.49486653,1,0,33.0,Retail,Finanñe,0,1,0,0,3.8,4.1,8.0,6.3,4.4,1,0,Tape à l'oeil
185,11.8275154,1,1,24.0,Banks,HR,0,1,0,1,7.8,6.2,4.9,1.7,3.7,0,0,Lbbw
186,46.35728953,1,1,38.0,Retail,HR,0,0,0,0,6.2,4.1,4.9,5.6,6.7,1,0,Lidl italia
187,52.50102669,1,0,35.0,manufacture,BusinessDevelopment,0,0,0,0,5.4,4.8,4.1,7.9,7.5,0,1,Groupe delta dore
188,14.98151951,1,1,33.0,manufacture,HR,1,0,0,0,4.6,4.8,7.2,7.9,6.0,0,1,Carel
189,26.21765914,1,1,36.0,etc,HR,0,0,0,1,3.0,6.9,6.4,4.8,6.0,0,0,Teatro alla scala
190,26.21765914,1,1,36.0,etc,HR,0,0,0,1,2.2,6.9,8.0,6.3,3.7,0,0,Mcfit global group gmbh
191,26.21765914,1,1,36.0,etc,HR,0,0,0,1,3.0,6.9,7.2,4.8,5.2,0,0,Uefa
192,29.07597536,1,1,22.0,etc,HR,1,1,0,0,9.4,4.1,4.1,4.8,9.0,1,0,Mcfit global group gmbh
193,33.3798768,1,1,38.0,manufacture,HR,0,0,0,0,7.8,2.6,5.7,7.1,5.2,1,0,Simon
194,5.848049281,1,1,23.0,Banks,HR,1,1,0,0,4.6,6.9,7.2,5.6,4.4,1,0,Credit suisse
195,5.848049281,1,1,23.0,Banks,HR,1,1,0,0,6.2,4.8,4.9,4.8,3.7,1,0,Ing
196,77.53593429,1,1,24.0,etc,Sales,1,1,0,0,6.2,5.5,5.7,3.3,2.1,1,0,Uefa
197,166.275154,1,0,26.0,Retail,Sales,0,0,0,0,3.0,5.5,5.7,7.1,6.7,0,1,Global intergold
198,107.1704312,1,1,33.0,etc,etc,0,0,0,0,5.4,1.0,9.5,9.4,5.2,1,0,Teatro alla scala
199,19.44969199,1,1,40.0,Banks,HR,1,1,1,0,6.2,3.4,8.0,3.3,3.7,1,0,Unicredit
200,8.640657084,1,1,23.0,manufacture,manage,0,1,0,0,3.8,4.1,8.7,4.0,2.9,0,1,Groupe delta dore
201,13.66735113,1,1,27.0,Retail,HR,0,0,0,0,8.6,4.8,7.2,4.0,3.7,0,1,Edeka aktiengesellschaft
202,6.275154004,1,1,24.0,PowerGeneration,Sales,1,1,0,0,5.4,6.2,4.1,6.3,9.8,1,0,Mbp group
203,23.19507187,1,1,30.0,Banks,HR,0,1,0,0,5.4,7.6,2.6,5.6,6.0,0,1,Credit suisse
204,16.32854209,1,1,37.0,Pharma,etc,0,1,0,0,4.6,7.6,5.7,5.6,8.3,0,1,Cromsource
205,26.11909651,1,1,31.0,manufacture,HR,0,0,1,0,3.0,7.6,4.9,5.6,5.2,1,0,Simon
206,35.38398357,1,1,31.0,Retail,HR,0,0,0,0,3.8,10.0,3.3,3.3,6.7,1,0,Edeka aktiengesellschaft
207,25.98767967,1,1,23.0,IT,HR,1,1,0,0,1.4,2.6,9.5,8.7,2.1,1,0,Linkbynet
208,3.58110883,1,1,40.0,Banks,HR,0,1,0,0,7.8,5.5,2.6,6.3,8.3,1,0,Société générale
209,3.58110883,1,1,40.0,Banks,HR,0,1,0,0,8.6,5.5,3.3,6.3,7.5,1,0,Lbbw
210,3.58110883,1,1,40.0,Banks,HR,0,1,0,0,7.0,6.9,4.1,5.6,7.5,1,0,Lbbw
211,1.708418891,1,1,37.0,etc,Marketing,0,1,0,0,4.6,2.6,8.7,4.0,2.9,1,0,Teatro alla scala
212,25.23203285,1,1,30.0,Retail,Sales,0,1,0,0,4.6,2.6,7.2,6.3,5.2,1,0,Caprabo
213,13.8973306,1,1,38.0,State,Teaching,0,1,0,1,3.0,9.1,4.1,4.8,6.0,0,0,Comune di modena
214,63.11293634,1,0,32.0,Mining,Law,0,1,0,0,3.0,4.8,4.1,7.1,7.5,1,0,Dunlop conveyor belting
215,11.30184805,1,1,34.0,Building,Marketing,0,0,1,0,9.4,3.4,4.9,3.3,6.0,0,1,Xervon gmbh
216,11.69609856,1,1,25.0,manufacture,HR,1,1,1,0,3.0,4.8,7.2,7.9,5.2,0,1,Groupe delta dore
217,11.69609856,1,1,25.0,manufacture,HR,1,1,1,0,3.0,5.5,5.7,7.1,5.2,0,1,Imtech
218,30.22587269,0,0,33.0,Retail,HR,1,1,0,0,4.6,6.2,8.0,7.1,5.2,0,1,Tape à l'oeil
219,30.22587269,0,0,33.0,Retail,HR,1,1,0,0,5.4,7.6,5.7,7.1,6.0,0,1,General optica
220,38.01232033,0,0,33.0,Retail,HR,1,0,0,0,3.0,4.1,8.0,7.1,3.7,0,1,General optica
221,21.61806982,1,0,37.0,manufacture,manage,0,0,1,0,3.8,4.8,4.9,7.1,6.7,1,0,"Mettler-toledo international, inc"
222,39.06365503,1,1,31.0,manufacture,HR,1,1,0,0,6.2,4.8,4.1,4.8,5.2,1,0,"Mettler-toledo international, inc"
223,138.9404517,0,1,30.0,RealEstate,BusinessDevelopment,1,0,0,1,5.4,6.9,2.6,5.6,8.3,0,0,Metrovacesa
224,23.6550308,1,0,26.0,manufacture,Engineer,1,0,0,0,4.6,5.5,8.7,5.6,1.3,1,0,Simon
225,20.56673511,1,0,33.0,Banks,etc,0,0,0,0,6.2,4.1,3.3,8.7,9.8,0,1,Unicredit
226,94.12731006,0,1,25.0,Retail,HR,0,0,1,0,6.2,3.4,6.4,6.3,7.5,0,1,Tape à l'oeil
227,2.102669405,0,1,32.0,etc,Marketing,1,0,0,1,5.4,5.5,3.3,7.9,8.3,0,0,Uefa
228,96.65708419,0,1,36.0,Retail,HR,0,0,0,0,6.2,6.2,5.7,4.0,5.2,0,1,Caprabo
229,34.49691992,0,1,38.0,Building,HR,0,0,0,0,1.4,4.8,5.7,6.3,6.7,0,1,Xervon gmbh
230,46.78439425,1,1,23.0,Retail,Marketing,1,1,0,0,3.0,6.2,8.7,4.8,6.0,0,1,Coin
231,80.16427105,1,1,26.0,State,manage,0,1,0,1,4.6,5.5,8.0,4.8,5.2,0,0,Caisse des dépôts
232,11.89322382,1,1,24.0,Banks,HR,0,1,0,1,7.8,6.2,4.9,1.7,3.7,0,0,Unicredit
233,79.86858316,1,1,25.0,Retail,HR,0,0,0,0,7.8,6.9,3.3,3.3,5.2,1,0,Global intergold
234,2.201232033,1,1,33.0,Banks,HR,0,1,0,0,5.4,6.2,7.2,2.5,5.2,0,1,Credit suisse
235,16.82135524,0,1,32.0,Pharma,Sales,0,1,0,0,5.4,7.6,8.7,2.5,2.9,1,0,Cromsource
236,6.045174538,0,1,44.0,Banks,HR,0,1,0,0,4.6,4.8,8.7,4.8,6.0,0,1,Banco santander
237,1.741273101,1,1,24.0,Consult,Consult,0,1,1,0,6.2,4.8,8.0,4.0,2.9,1,0,Soges s.p.a.
238,24.18069815,1,1,23.0,manufacture,HR,1,1,0,0,6.2,3.4,6.4,4.8,3.7,1,0,"Mettler-toledo international, inc"
239,38.01232033,0,1,25.0,manufacture,HR,0,1,0,0,6.2,3.4,6.4,4.8,3.7,1,0,Imtech
240,5.749486653,1,1,34.0,etc,HR,0,0,0,0,8.6,5.5,1.0,6.3,9.8,0,1,Uefa
241,12.02464066,1,0,30.0,Retail,Sales,0,0,1,0,5.4,4.1,4.9,6.3,6.0,0,1,Coin
242,8.31211499,1,1,29.0,State,Teaching,0,1,0,1,9.4,5.5,3.3,3.3,5.2,0,0,Comune di modena
243,15.21149897,1,1,30.0,Mining,HR,1,1,0,0,4.6,6.9,7.2,3.3,6.7,0,1,Dunlop conveyor belting
244,93.9301848,0,1,29.0,IT,HR,0,1,0,0,4.6,7.6,7.2,2.5,4.4,1,0,Linkbynet
245,27.56468172,0,1,26.0, HoReCa,HR,1,1,0,0,3.0,6.9,7.2,4.8,5.2,0,1,Buffalo grill
246,49.14989733,1,1,28.0,Retail,HR,1,0,0,0,7.8,6.9,4.1,3.3,7.5,1,0,Global intergold
247,86.6036961,1,1,33.0, HoReCa,HR,1,0,0,0,3.8,8.4,8.0,4.0,4.4,1,0,Buffalo grill
248,86.6036961,1,1,33.0, HoReCa,HR,1,0,0,0,4.6,9.1,4.9,3.3,2.9,1,0,Buffalo grill
249,53.35523614,1,1,27.0,Retail,HR,0,0,0,1,7.0,5.5,4.9,6.3,8.3,0,0,Tape à l'oeil
250,139.0718686,1,1,32.0,State,Teaching,0,1,0,0,7.8,4.8,4.1,3.3,7.5,1,0,Comune di modena
251,28.35318275,1,1,31.0,Banks,HR,0,1,1,0,7.0,6.2,1.0,9.4,7.5,1,0,Banco santander
252,23.12936345,0,1,23.0,Retail,HR,1,1,0,0,6.2,4.8,7.2,4.0,6.7,1,0,Caprabo
253,15.14579055,1,0,22.0,PowerGeneration,etc,0,0,0,0,6.2,2.6,7.2,5.6,6.7,1,0,Mbp group
254,160.0657084,1,1,24.0,Telecom,HR,0,0,0,0,1.0,6.9,9.5,4.8,7.5,1,0,Netcologne
255,19.71252567,1,1,23.0,Retail,Sales,1,1,0,0,7.0,4.8,4.1,5.6,6.7,1,0,Tape à l'oeil
256,16.82135524,0,1,32.0,Retail,HR,0,1,0,0,3.0,4.1,7.2,7.1,8.3,1,0,Caprabo
257,15.86858316,0,0,42.0,manufacture,BusinessDevelopment,0,0,0,0,1.4,4.1,9.5,7.1,5.2,0,1,Groupe delta dore
258,70.30800821,1,0,22.0,PowerGeneration,Marketing,0,0,0,0,5.4,4.1,8.7,4.0,2.1,1,0,Sma solar technology ag
259,2.792607803,1,0,39.0,Banks,BusinessDevelopment,0,1,0,0,7.8,4.8,1.8,8.7,8.3,1,0,Société générale
260,13.01026694,1,0,34.0,etc,HR,0,0,1,0,3.8,2.6,8.0,9.4,6.0,1,0,Uefa
261,88.90349076,0,1,30.0,State,HR,0,0,0,0,4.6,2.6,7.2,7.1,6.7,1,0,Ayuntamiento de malaga
262,123.0718686,1,1,28.0,Retail,Marketing,0,1,0,0,3.0,8.4,3.3,7.9,8.3,0,1,Coop
263,59.99178645,0,1,31.0,Retail,BusinessDevelopment,0,0,0,0,4.6,4.8,8.0,4.8,6.7,0,1,Intertoys
264,59.99178645,0,1,31.0,Retail,BusinessDevelopment,0,0,0,0,6.2,6.9,7.2,4.8,5.2,0,1,Tape à l'oeil
265,26.67761807,1,1,32.0,etc,HR,1,1,0,0,3.0,8.4,7.2,6.3,7.5,1,0,Mcfit global group gmbh
266,18.00410678,0,1,40.0,manufacture,HR,0,0,0,0,3.0,6.9,4.9,5.6,6.0,1,0,Simon
267,16.59137577,1,1,22.0,IT,manage,1,1,0,0,8.6,6.2,2.6,5.6,9.8,1,0,Linkbynet
268,2.759753593,1,1,41.0,Banks,HR,0,0,0,0,3.8,8.4,2.6,4.8,7.5,1,0,Société générale
269,23.68788501,1,1,24.0,manufacture,HR,1,1,1,0,3.0,4.8,7.2,7.9,5.2,1,0,Siemens
270,23.68788501,1,1,24.0,manufacture,HR,1,1,1,0,3.0,5.5,5.7,7.1,5.2,1,0,Carel
271,16.42710472,1,1,26.0,etc,Engineer,0,0,0,0,6.2,5.5,3.3,6.3,8.3,1,0,Teatro alla scala
272,45.96303901,1,1,36.0,RealEstate,manage,0,0,0,0,5.4,5.5,7.2,4.8,4.4,1,0,Metrovacesa
273,12.02464066,1,0,30.0,Retail,Sales,0,0,1,0,5.4,4.1,4.9,6.3,6.0,0,1,General optica
274,73.65913758,1,1,30.0,Retail,HR,1,1,0,0,4.6,4.8,5.7,8.7,6.0,1,0,Zooplus ag
275,2.759753593,0,1,31.0,IT,HR,0,0,0,0,7.0,3.4,8.0,7.9,6.0,1,0,Giesecke & devrient
276,26.94045175,1,1,24.0,Pharma,HR,0,1,0,0,5.4,4.8,4.9,4.8,5.2,1,0,Cromsource
277,2.431211499,1,1,28.0,IT,HR,0,1,0,0,6.2,3.4,4.9,7.9,7.5,1,0,Marktel
278,68.27104723,1,1,24.0,etc,PR,0,1,0,1,7.0,4.1,2.6,7.9,7.5,0,0,Uefa
279,68.27104723,1,1,24.0,etc,PR,0,1,0,1,7.8,6.2,2.6,5.6,6.7,0,0,Uefa
280,1.642710472,1,1,44.0,etc,HR,0,0,0,0,4.6,7.6,5.7,2.5,6.0,1,0,Uefa
281,76.15605749,0,1,24.0,Retail,HR,1,0,0,0,7.0,6.2,1.8,6.3,7.5,0,1,Tape à l'oeil
282,12.35318275,1,0,39.0,Retail,manage,0,0,0,0,6.2,3.4,6.4,6.3,7.5,0,1,Sarenza
283,58.21765914,0,1,35.0,Telecom,BusinessDevelopment,1,1,0,0,8.6,5.5,3.3,4.8,6.7,1,0,Netcologne
284,32.49281314,1,1,40.0,Retail,HR,0,0,0,0,6.2,6.2,5.7,4.8,7.5,0,1,Sarenza
285,6.275154004,1,1,30.40033257,Retail,Marketing,1,1,0,0,7.8,6.2,4.9,4.0,8.3,1,0,Sarenza
286,5.026694045,1,1,26.0,Banks,HR,0,1,1,0,4.6,6.2,5.7,4.0,6.0,1,0,Société générale
287,5.026694045,1,1,26.0,Banks,HR,0,1,1,0,4.6,5.5,6.4,5.6,5.2,1,0,Ing
288,22.66940452,0,1,31.0,etc,HR,0,1,0,0,5.4,5.5,4.9,5.6,6.7,1,0,Teatro real
289,27.36755647,0,1,26.0,IT,HR,1,1,0,0,9.4,6.2,2.6,4.0,6.0,1,0,Marktel
290,27.36755647,0,1,26.0,IT,HR,1,1,0,0,6.2,7.6,4.1,3.3,6.7,1,0,Linkbynet
291,150.1437372,1,1,33.0,Pharma,HR,0,1,0,0,5.4,3.4,5.7,7.1,5.2,0,1,Cromsource
292,53.2238193,0,1,23.0,Consult,HR,1,1,0,1,8.6,5.5,2.6,4.8,7.5,0,0,Soges s.p.a.
293,5.9137577,0,1,32.0,Retail,HR,0,1,0,0,3.8,6.2,8.0,4.0,6.7,1,0,Coin
294,53.97946612,1,0,28.0,etc,IT,0,0,0,0,7.8,6.9,2.6,6.3,7.5,1,0,Mcfit global group gmbh
295,73.82340862,0,1,26.0,Retail,etc,0,0,0,0,10.0,5.5,2.6,6.3,6.7,0,1,Sarenza
296,27.49897331,1,1,27.0,etc,HR,0,1,0,0,3.8,1.9,9.5,7.1,2.1,1,0,Mcfit global group gmbh
297,44.48459959,0,0,22.0,IT,IT,1,0,0,1,4.6,2.6,6.4,9.4,6.0,0,0,Sita
298,54.01232033,1,0,37.0,IT,IT,0,0,0,0,10.0,3.4,3.3,6.3,10.0,1,0,Giesecke & devrient
299,8.574948665,1,0,38.0,Agriculture,HR,0,1,0,0,4.6,4.1,4.1,8.7,8.3,1,0,Syngenta
300,64.29568789,1,0,44.0,Retail,Sales,0,0,1,0,2.2,5.5,8.7,7.1,6.7,1,0,Action
301,27.23613963,0,1,27.0,etc,etc,0,0,0,0,7.0,6.9,5.7,3.3,6.7,1,0,Uefa
302,23.9835729,1,1,23.0,Agriculture,Consult,1,0,0,0,4.6,6.9,7.2,3.3,2.1,1,0,Syngenta
303,23.9835729,1,1,23.0,Agriculture,Consult,1,0,0,0,4.6,6.9,7.2,2.5,2.9,1,0,Syngenta
304,23.9835729,1,1,23.0,Agriculture,Consult,1,0,0,0,4.6,6.9,7.2,3.3,2.1,1,0,Syngenta
305,23.9835729,1,1,23.0,Agriculture,Consult,1,0,0,0,4.6,6.9,7.2,2.5,2.9,1,0,Syngenta
306,37.78234086,1,1,34.0,Building,HR,1,1,0,0,4.6,2.6,5.7,7.9,7.5,1,0,Xervon gmbh
307,17.80698152,0,0,23.0,Telecom,Engineer,0,0,1,0,3.8,9.1,8.7,4.8,5.2,1,0,Vodafoneziggo
308,95.44147844,0,1,25.0,Retail,HR,0,0,1,0,6.2,3.4,6.4,6.3,7.5,1,0,Tape à l'oeil
309,27.59753593,0,1,26.0,Retail,HR,0,1,0,0,4.6,6.2,5.7,6.3,4.4,1,0,Sarenza
310,27.59753593,0,1,26.0,Retail,HR,0,1,0,0,3.8,4.1,8.7,7.9,5.2,1,0,Tape à l'oeil
311,72.41067762,0,1,30.0,Retail,etc,0,1,1,0,6.2,2.6,6.4,5.6,6.0,1,0,Coin
312,2.98973306,1,0,45.0,Telecom,BusinessDevelopment,1,0,0,0,3.0,8.4,7.2,7.1,6.0,1,0,Vodafoneziggo
313,11.53182752,0,1,31.0,transport,Consult,0,0,0,0,5.4,6.2,6.4,4.0,3.7,1,0,Sbb cargo
314,11.53182752,0,1,31.0,transport,Consult,0,0,0,0,3.8,3.4,8.0,6.3,6.0,1,0,Sbb cargo
315,23.52361396,1,1,36.0,manufacture,etc,1,1,0,1,4.6,4.1,4.9,5.6,3.7,0,0,Imtech
316,23.52361396,1,1,36.0,manufacture,etc,1,1,0,1,6.2,4.8,5.7,4.0,2.9,0,0,Imtech
317,40.04928131,0,1,29.0,PowerGeneration,Commercial,0,0,1,0,5.4,6.2,4.1,5.6,8.3,0,1,Mbp group
318,54.04517454,1,1,30.0,Telecom,HR,1,1,0,1,5.4,4.1,4.9,8.7,7.5,0,0,Vodafoneziggo
319,20.92813142,1,1,23.0,manufacture,Engineer,1,0,0,0,3.0,6.9,5.7,7.9,5.2,1,0,Carel
320,20.92813142,1,1,23.0,manufacture,Engineer,1,0,0,0,4.6,6.9,7.2,4.8,5.2,1,0,Siemens
321,11.99178645,1,1,27.0,Retail,HR,1,1,0,0,6.2,6.9,3.3,4.8,6.7,1,0,Caprabo
322,44.97741273,1,0,29.0,Consult,HR,0,0,0,0,3.0,4.8,4.9,6.3,7.5,0,1,Soges s.p.a.
323,14.22587269,1,1,28.0,State,manage,0,1,0,0,7.0,6.9,6.4,2.5,5.2,1,0,Ayuntamiento de malaga
324,58.94045175,0,0,46.0,Consult,HR,0,1,0,0,3.0,6.2,8.0,5.6,3.7,1,0,Soges s.p.a.
325,61.73305955,1,0,23.0,State,Law,1,0,0,0,4.6,6.9,7.2,3.3,2.1,0,1,Caisse des dépôts
326,61.73305955,1,0,23.0,State,Law,1,0,0,0,4.6,6.9,7.2,2.5,2.9,0,1,Caisse des dépôts
327,140.9445585,0,1,26.0,Building,HR,0,0,0,1,3.8,1.9,8.7,6.3,4.4,0,0,Xervon gmbh
328,140.9445585,0,1,26.0,Building,HR,0,0,0,1,5.4,2.6,8.0,7.1,5.2,0,0,Bsk
329,6.176591376,1,1,38.0,transport,HR,0,0,1,0,6.2,6.2,8.0,2.5,3.7,1,0,Systra
330,6.176591376,1,1,38.0,transport,HR,0,0,1,0,4.6,6.2,8.0,4.0,3.7,1,0,Systra
331,94.9486653,1,0,26.0,Retail,IT,0,0,0,0,3.8,7.6,7.2,7.9,4.4,1,0,Global intergold
332,70.17659138,0,1,31.0,Retail,HR,1,1,0,0,4.6,5.5,7.2,3.3,2.9,1,0,Action
333,70.17659138,0,1,31.0,Retail,HR,1,1,0,0,4.6,5.5,7.2,4.8,3.7,1,0,Edeka aktiengesellschaft
334,57.23203285,1,1,36.0,Building,HR,0,1,0,0,3.8,5.5,6.4,5.6,6.0,1,0,Xervon gmbh
335,45.73305955,0,1,33.0,PowerGeneration,HR,1,1,0,0,7.8,6.2,6.4,7.9,6.0,0,1,Sma solar technology ag
336,45.73305955,0,1,33.0,PowerGeneration,HR,1,1,0,0,3.8,3.4,5.7,8.7,7.5,0,1,Sma solar technology ag
337,29.01026694,1,1,28.0,Building,BusinessDevelopment,0,0,0,1,9.4,3.4,4.9,3.3,6.0,0,0,Bsk
338,11.99178645,1,1,27.0,Retail,HR,1,1,0,0,6.2,6.9,3.3,4.8,6.7,1,0,Coop
339,27.36755647,0,1,26.0,Banks,IT,1,0,1,0,6.2,5.5,4.9,5.6,6.7,0,1,Unicredit
340,105.9219713,0,1,28.0,Retail,HR,0,0,0,0,5.4,3.4,7.2,6.3,3.7,1,0,Tape à l'oeil
341,3.449691992,1,1,40.0,Retail,HR,0,0,1,0,6.2,5.5,4.9,4.8,7.5,0,1,Lidl italia
342,4.533880903,1,0,23.0,etc,Marketing,1,0,0,0,1.4,9.8,6.4,3.3,6.0,1,0,Teatro real
343,35.77823409,1,1,22.0,IT,IT,1,0,1,0,7.0,4.1,5.7,5.6,8.3,1,0,Canon nederland n.v.
344,40.31211499,0,1,29.0,manufacture,HR,1,0,0,1,6.2,3.4,4.1,7.9,7.5,0,0,Simon
345,40.31211499,0,1,29.0,manufacture,HR,1,0,0,1,6.2,3.4,4.1,7.9,7.5,0,0,"Mettler-toledo international, inc"
346,2.201232033,1,0,23.0,State,etc,1,0,0,0,6.2,2.6,7.2,6.3,7.5,1,0,Caisse des dépôts
347,40.3449692,0,1,29.0,manufacture,HR,1,0,0,1,6.2,3.4,4.1,7.9,7.5,0,0,Groupe delta dore
348,40.37782341,0,1,29.0,manufacture,HR,1,0,0,1,6.2,3.4,4.1,7.9,7.5,0,0,Siemens
349,11.23613963,1,0,26.0,IT,IT,0,0,0,0,3.8,4.8,6.4,8.7,6.0,1,0,Teoresi s.p.a
350,85.09240246,0,1,26.0,transport,HR,1,1,0,0,7.8,4.8,6.4,4.8,6.0,1,0,Systra
351,9.823408624,1,0,26.0,Building,Engineer,1,0,0,0,4.6,5.5,5.7,8.7,6.0,1,0,Xervon gmbh
352,64.19712526,0,0,19.0,IT,IT,0,0,0,0,4.6,6.2,7.2,5.6,6.0,1,0,Giesecke & devrient
353,14.45585216,0,1,33.0,Retail,HR,0,0,1,0,6.2,4.8,6.4,2.5,4.4,1,0,Tape à l'oeil
354,21.15811088,1,1,24.0,Consult,Consult,1,1,0,0,6.2,4.8,8.0,4.0,2.9,1,0,Vertone
355,28.78028747,0,1,31.0,Retail,Accounting,0,1,0,0,7.0,2.6,7.2,4.8,4.4,1,0,Coin
356,155.1704312,1,1,33.0,Pharma,HR,0,1,0,0,5.4,3.4,5.7,7.1,5.2,0,1,Cromsource
357,13.86447639,1,1,22.0,IT,HR,0,0,0,0,7.0,2.6,7.2,6.3,6.0,1,0,Sita
358,13.01026694,1,1,25.0,Banks,HR,1,0,0,0,9.4,6.2,3.3,2.5,6.7,1,0,Banco santander
359,2.759753593,0,1,28.0,Agriculture,HR,0,0,0,0,6.2,5.5,3.3,6.3,8.3,1,0,Syngenta
360,2.825462012,0,1,32.0,Telecom,HR,0,1,0,0,7.0,5.5,3.3,7.1,6.7,1,0,Netcologne
361,4.008213552,1,1,22.0,transport,HR,0,0,0,0,2.2,8.4,4.9,7.1,6.7,1,0,Systra
362,10.34907598,1,1,37.0,Consult,Finanñe,0,0,0,0,7.0,7.6,2.6,5.6,8.3,1,0,Soges s.p.a.
363,34.03696099,1,1,27.0,Retail,HR,0,1,1,0,7.8,4.8,3.3,5.6,6.7,0,1,Sarenza
364,34.03696099,1,1,27.0,Retail,HR,0,1,1,0,10.0,4.1,1.8,6.3,8.3,0,1,Coin
365,11.95893224,1,1,35.0,Telecom,HR,1,1,0,1,6.2,4.1,6.4,5.6,6.7,0,0,Netcologne
366,164.5667351,0,1,27.0,Telecom,Marketing,0,1,0,0,3.8,4.8,4.9,6.3,5.2,0,1,Vodafoneziggo
367,32.95277207,1,0,24.0,Consult,HR,0,1,0,1,2.2,4.1,6.4,9.4,6.0,0,0,Ebbinge
368,5.32238193,1,1,25.0,Banks,HR,1,1,1,0,5.4,3.4,8.0,6.3,2.1,1,0,Credit suisse
369,40.3449692,1,1,23.0,Banks,IT,1,0,0,0,5.4,6.2,3.3,4.0,6.0,1,0,Unicredit
370,34.23408624,0,1,24.0,IT,HR,1,1,0,0,8.6,6.9,4.9,1.7,4.4,1,0,Linkbynet
371,96.0,1,0,31.0,Retail,IT,0,0,0,0,4.6,2.6,6.4,10.0,4.4,1,0,Zooplus ag
372,7.030800821,1,0,35.0,Retail,Sales,0,0,0,1,5.4,6.2,4.9,4.0,2.9,0,0,Global intergold
373,26.94045175,1,1,21.0,State,PR,0,1,0,0,3.0,5.5,7.2,5.6,2.1,1,0,Comune di modena
374,115.5482546,0,1,19.0,Retail,HR,1,1,0,0,7.0,6.2,5.7,2.5,5.2,1,0,Sarenza
375,28.58316222,1,1,21.0,Consult,HR,1,1,0,0,7.0,9.1,1.8,4.8,6.0,1,0,Ebbinge
376,26.31622177,1,1,24.0,Building,etc,0,0,1,0,5.4,4.1,2.6,7.9,6.0,1,0,Xervon gmbh
377,29.27310062,0,1,35.0,Pharma,HR,1,1,0,0,5.4,4.8,5.7,4.0,3.7,1,0,Cromsource
378,57.82340862,1,0,25.0,Retail,Sales,1,0,0,0,7.0,5.5,4.1,6.3,8.3,0,1,Tape à l'oeil
379,133.9137577,1,0,19.0,manufacture,Accounting,0,1,0,0,6.2,3.4,5.7,7.1,6.7,0,1,Groupe delta dore
380,133.9137577,1,0,19.0,manufacture,Accounting,0,1,0,0,4.6,6.9,5.7,7.1,5.2,0,1,Groupe delta dore
381,39.72073922,0,1,30.40033257,Banks,HR,1,1,0,0,6.2,6.2,4.1,2.5,5.2,1,0,Société générale
382,38.01232033,0,1,35.0,manufacture,HR,0,0,0,0,7.8,1.9,3.3,4.0,6.7,1,0,Imtech
383,27.40041068,0,1,43.0,State,Law,0,0,0,0,4.6,5.5,6.4,4.0,5.2,0,1,Ayuntamiento de malaga
384,25.42915811,1,1,22.0,Consult,HR,1,0,0,0,6.2,4.8,3.3,7.1,9.0,1,0,Soges s.p.a.
385,32.52566735,1,1,48.0,Building,HR,0,0,0,0,6.2,6.2,6.4,3.3,6.7,1,0,Bsk
386,23.2936345,0,1,29.0,IT,IT,1,0,0,0,9.4,6.2,4.1,4.8,7.5,0,1,Giesecke & devrient
387,23.2936345,0,1,29.0,IT,IT,1,0,0,0,7.0,6.2,5.7,4.8,5.2,0,1,Canon nederland n.v.
388,49.28131417,0,1,33.0,PowerGeneration,HR,1,1,0,0,7.8,6.2,6.4,7.9,6.0,0,1,Mbp group
389,49.28131417,0,1,33.0,PowerGeneration,HR,1,1,0,0,3.8,3.4,5.7,8.7,7.5,0,1,Sma solar technology ag
390,18.1026694,1,1,44.0,Retail,HR,0,0,1,0,3.0,6.9,4.1,7.9,5.2,1,0,Coop
391,8.180698152,1,1,24.0,IT,HR,1,0,0,1,7.0,5.5,4.9,4.8,2.9,0,0,Teoresi s.p.a
392,42.48049281,1,1,42.0,Consult,HR,0,0,0,0,3.0,6.9,6.4,5.6,6.0,1,0,Soges s.p.a.
393,42.48049281,1,1,42.0,Consult,HR,0,0,0,0,7.0,6.2,5.7,4.8,4.4,1,0,Ebbinge
394,129.8069815,1,1,22.0,State,Teaching,1,1,1,0,3.0,4.8,5.7,4.8,3.7,1,0,Caisse des dépôts
395,8.016427105,1,0,41.0,IT,IT,0,0,0,0,3.8,4.1,5.7,5.6,4.4,1,0,Teoresi s.p.a
396,9.100616016,1,1,26.0,State,HR,0,0,0,0,5.4,6.2,7.2,4.8,6.7,0,1,Comune di modena
397,26.15195072,1,0,31.0,Building,Engineer,0,0,0,0,5.4,4.1,8.7,6.3,4.4,1,0,Bsk
398,66.49691992,1,1,38.0,Building,HR,0,0,0,0,7.0,4.1,4.9,5.6,6.7,1,0,Xervon gmbh
399,10.02053388,0,0,38.0,Agriculture,HR,0,1,0,0,7.8,2.6,4.1,7.9,6.7,0,1,Syngenta
400,6.53798768,1,1,26.0,Consult,HR,0,1,1,0,7.0,6.2,4.1,4.8,8.3,1,0,Soges s.p.a.
401,0.492813142,0,1,29.0,Retail,HR,1,1,1,0,4.6,5.5,1.8,7.1,6.7,1,0,Lidl italia
402,0.492813142,0,1,29.0,Retail,HR,1,1,1,0,4.6,1.0,5.7,8.7,2.9,1,0,Coin
403,0.492813142,0,1,29.0,Retail,HR,1,1,1,0,5.4,4.8,8.0,9.4,2.9,1,0,Coin
404,2.858316222,1,1,38.0,Building,HR,0,0,0,0,5.4,5.5,4.9,4.8,4.4,0,1,Xervon gmbh
405,2.858316222,1,1,38.0,Building,HR,0,0,0,0,6.2,6.2,4.9,3.3,2.9,0,1,Xervon gmbh
406,48.45995893,0,0,35.0,IT,IT,0,0,0,0,7.0,5.5,2.6,5.6,9.0,1,0,Marktel
407,15.14579055,0,1,39.0,etc,manage,0,1,0,0,3.8,7.6,4.9,7.1,9.0,1,0,Mcfit global group gmbh
408,133.8809035,1,0,19.0,manufacture,Accounting,0,1,0,0,6.2,3.4,5.7,7.1,6.7,0,1,Groupe delta dore
409,133.8809035,1,0,19.0,manufacture,Accounting,0,1,0,0,4.6,6.9,5.7,7.1,5.2,0,1,Simon
410,32.88706366,0,1,26.0,IT,HR,1,1,0,0,9.4,6.2,2.6,4.0,6.0,1,0,Giesecke & devrient
411,32.88706366,0,1,26.0,IT,HR,1,1,0,0,6.2,7.6,4.1,3.3,6.7,1,0,Teoresi s.p.a
412,63.14579055,1,0,32.0,Mining,Law,0,1,0,0,3.0,4.8,4.1,7.1,7.5,1,0,Dunlop conveyor belting
413,8.969199179,1,1,26.0,State,HR,1,0,0,0,5.4,6.2,7.2,4.8,6.7,0,1,Comune di modena
414,36.59958932,0,0,33.0,Retail,HR,0,1,0,0,4.6,6.2,8.0,7.1,5.2,0,1,General optica
415,36.59958932,0,0,33.0,Retail,HR,0,1,0,0,5.4,7.6,5.7,7.1,6.0,0,1,Caprabo
416,11.76180698,0,1,39.0,transport,HR,0,1,0,0,4.6,4.1,4.9,5.6,3.7,1,0,Systra
417,11.76180698,0,1,39.0,transport,HR,0,1,0,0,6.2,4.8,5.7,4.0,2.9,1,0,Sbb cargo
418,28.81314168,0,1,23.0,Retail,HR,0,0,0,0,7.0,4.1,8.0,4.8,4.4,1,0,Sarenza
419,18.56262834,0,1,24.0,manufacture,HR,0,1,0,0,3.8,7.6,8.0,4.8,2.9,1,0,Simon
420,1.80698152,0,1,26.0,Banks,Sales,0,1,0,1,5.4,7.6,4.1,4.8,7.5,0,0,Banco santander
421,1.80698152,0,1,26.0,Banks,Sales,0,1,0,1,5.4,7.6,4.1,5.6,9.0,0,0,Credit suisse
422,17.08418891,0,1,34.0,Banks,HR,0,1,0,0,1.4,6.9,8.0,4.0,5.2,1,0,Ing
423,1.938398357,0,1,26.0,Banks,Sales,0,1,0,1,5.4,7.6,4.1,4.8,7.5,0,0,Unicredit
424,1.938398357,0,1,26.0,Banks,Sales,0,1,0,1,5.4,7.6,4.1,5.6,9.0,0,0,Société générale
425,50.69404517,0,0,32.0,State,etc,0,1,0,0,3.8,3.4,7.2,10.0,5.2,0,1,Caisse des dépôts
426,41.65913758,0,1,29.0,Retail,HR,1,1,0,0,6.2,6.9,8.7,3.3,2.9,1,0,Lidl italia
427,103.5893224,0,1,21.0,Retail,HR,0,1,1,0,2.2,4.8,8.7,7.9,5.2,1,0,Edeka aktiengesellschaft
428,103.5893224,0,1,21.0,Retail,HR,0,1,1,0,3.8,3.4,8.7,7.1,3.7,1,0,Action
429,2.135523614,0,1,26.0,Banks,Sales,0,1,0,1,5.4,7.6,4.1,4.8,7.5,0,0,Credit suisse
430,2.135523614,0,1,26.0,Banks,Sales,0,1,0,1,5.4,7.6,4.1,5.6,9.0,0,0,Credit suisse
431,2.168377823,0,1,26.0,Banks,Sales,0,1,0,1,5.4,7.6,4.1,4.8,7.5,0,0,Credit suisse
432,2.168377823,0,1,26.0,Banks,Sales,0,1,0,1,5.4,7.6,4.1,5.6,9.0,0,0,Société générale
433,13.14168378,1,0,42.0,etc,Marketing,0,1,1,0,2.2,6.9,3.3,6.3,3.7,1,0,Teatro real
434,2.431211499,0,1,35.0,Telecom,HR,0,1,1,0,7.0,3.4,3.3,6.3,7.5,1,0,Vodafoneziggo
435,49.34702259,1,0,42.0,Consult,Consult,1,0,0,0,5.4,8.4,6.4,5.6,5.2,1,0,Vertone
436,79.11293634,0,0,28.0,IT,HR,0,0,0,0,2.2,5.5,7.2,4.8,3.7,1,0,Linkbynet
437,35.84394251,0,1,27.0,PowerGeneration,HR,0,0,0,1,3.0,2.6,6.4,7.1,7.5,0,0,Mbp group
438,35.84394251,0,1,27.0,PowerGeneration,HR,0,0,0,1,3.0,5.5,4.1,7.1,8.3,0,0,Sma solar technology ag
439,12.81314168,1,0,33.0,Building,Sales,0,0,1,0,7.8,3.4,7.2,4.0,5.2,0,1,Xervon gmbh
440,2.234086242,0,1,26.0,Banks,Sales,0,1,0,1,5.4,7.6,4.1,4.8,7.5,0,0,Credit suisse
441,2.234086242,0,1,26.0,Banks,Sales,0,1,0,1,5.4,7.6,4.1,5.6,9.0,0,0,Unicredit
442,17.11704312,0,1,31.0,transport,manage,1,0,0,0,5.4,6.2,6.4,4.0,3.7,1,0,Systra
443,17.11704312,0,1,31.0,transport,manage,1,0,0,0,3.8,3.4,8.0,6.3,6.0,1,0,Sbb cargo
444,23.95071869,1,1,32.0,manufacture,HR,1,1,0,0,4.6,6.9,4.9,5.6,6.0,0,1,Carel
445,11.86036961,0,1,25.0,Retail,HR,0,0,0,0,7.8,4.8,5.7,4.8,5.2,0,1,Edeka aktiengesellschaft
446,5.848049281,0,1,33.0,manufacture,HR,0,0,0,0,5.4,9.1,4.1,2.5,6.0,1,0,Carel
447,24.0164271,1,1,28.0,transport,HR,0,0,0,0,3.8,4.8,9.5,4.8,2.1,1,0,Systra
448,43.99178645,1,0,26.0,etc,Engineer,0,0,0,0,7.8,6.9,4.1,6.3,7.5,1,0,Uefa
449,20.69815195,1,1,40.0,Building,HR,1,0,0,0,2.2,8.4,6.4,4.8,6.7,0,1,Bsk
450,29.8973306,0,1,26.0,IT,HR,1,0,0,0,4.6,6.9,8.0,4.0,4.4,1,0,Sita
451,31.14579055,0,0,21.0,Retail,Sales,1,0,0,0,7.8,4.1,2.6,5.6,8.3,1,0,Lidl italia
452,1.347022587,0,1,27.0,Retail,HR,1,0,0,0,7.0,4.8,6.4,4.8,7.5,1,0,Action
453,23.9835729,1,1,29.0,Mining,HR,0,0,0,0,4.6,5.5,5.7,4.8,7.5,1,0,Dunlop conveyor belting
454,32.45995893,0,1,25.0,Retail,Marketing,1,1,0,0,8.6,5.5,3.3,5.6,9.8,1,0,Zooplus ag
455,64.29568789,1,0,44.0,Retail,Commercial,0,0,0,0,3.0,2.6,10.0,9.4,4.4,1,0,Edeka aktiengesellschaft
456,21.35523614,1,0,31.0,RealEstate,Marketing,1,1,1,0,7.8,4.1,4.1,7.9,7.5,0,1,Metrovacesa
457,11.69609856,1,1,36.0,Telecom,HR,0,1,0,0,7.0,4.1,6.4,5.6,8.3,0,1,Netcologne
458,54.07802875,1,1,30.0,State,HR,1,1,0,1,5.4,4.1,4.9,8.7,7.5,0,0,Caisse des dépôts
459,42.0862423,0,1,31.0,State,HR,0,1,0,0,1.4,7.6,7.2,4.0,2.9,1,0,Comune di modena
460,27.40041068,0,1,22.0,Consult,HR,1,1,0,0,6.2,5.5,2.6,5.6,8.3,1,0,Ebbinge
461,1.117043121,1,1,54.0,Pharma,HR,0,0,0,0,4.6,8.4,5.7,4.0,4.4,0,1,Cromsource
462,1.117043121,1,1,54.0,Pharma,HR,0,0,0,0,4.6,8.4,5.7,4.0,4.4,0,1,Cromsource
463,42.38193018,1,1,36.0,manufacture,HR,1,1,0,0,6.2,4.8,5.7,8.7,7.5,1,0,Carel
464,5.782340862,1,1,32.0,Retail,HR,0,1,1,0,6.2,6.2,1.8,5.6,9.0,0,1,Global intergold
465,43.30184805,0,1,33.0,Banks,HR,0,1,0,0,7.0,6.2,1.0,9.4,7.5,1,0,Unicredit
466,53.09240246,0,1,23.0,Retail,etc,1,0,0,0,6.2,6.9,4.9,2.5,2.9,1,0,Global intergold
467,17.60985626,1,1,41.0,Banks,HR,0,0,0,0,7.8,5.5,2.6,6.3,8.3,1,0,Ing
468,17.60985626,1,1,41.0,Banks,HR,0,0,0,0,8.6,5.5,3.3,6.3,7.5,1,0,Banco santander
469,17.60985626,1,1,41.0,Banks,HR,0,0,0,0,7.0,6.9,4.1,5.6,7.5,1,0,Société générale
470,26.0862423,1,1,30.0,Banks,HR,0,1,0,0,8.6,6.9,2.6,4.0,7.5,1,0,Credit suisse
471,16.65708419,0,1,26.0,manufacture,HR,0,0,0,0,8.6,5.5,4.1,4.0,3.7,1,0,"Mettler-toledo international, inc"
472,70.83367556,1,1,23.0,Banks,HR,1,1,0,0,6.2,9.1,4.1,3.3,6.7,0,1,Banco santander
473,70.83367556,1,1,23.0,Banks,HR,1,1,0,0,7.0,7.6,3.3,3.3,6.7,0,1,Ing
474,99.77823409,0,1,42.0,etc,HR,0,1,0,1,5.4,4.8,6.4,6.3,4.4,0,0,Teatro alla scala
475,42.94045175,1,1,25.0,State,manage,0,0,0,0,4.6,6.2,6.4,4.0,4.4,1,0,Comune di modena
476,19.58110883,1,1,23.0,Telecom,HR,0,1,0,0,3.8,4.8,7.2,5.6,4.4,1,0,Vodafoneziggo
477,96.0,1,1,22.0,etc,Sales,1,0,0,1,7.0,1.9,6.4,6.3,4.4,0,0,Mcfit global group gmbh
478,44.22176591,0,1,29.0,Retail,HR,1,1,0,0,6.2,6.9,8.7,3.3,2.9,1,0,Zooplus ag
479,104.0164271,0,1,37.0,Retail,HR,0,0,0,0,5.4,4.8,6.4,7.1,4.4,1,0,Sarenza
480,67.84394251,1,0,24.0,Building,HR,1,0,0,0,5.4,5.5,5.7,8.7,5.2,0,1,Xervon gmbh
481,0.919917864,1,0,26.0,etc,HR,1,1,0,0,6.2,5.5,6.4,4.0,3.7,1,0,Uefa
482,48.45995893,1,1,34.0,manufacture,manage,0,1,0,0,7.0,2.6,7.2,4.8,5.2,0,1,Groupe delta dore
483,15.73716632,1,1,27.0,Agriculture,Marketing,1,0,0,0,7.0,6.9,2.6,4.0,5.2,1,0,Syngenta
484,16.06570842,0,1,28.0,Retail,HR,1,1,1,0,4.6,5.5,1.8,7.1,6.7,1,0,Tape à l'oeil
485,16.06570842,0,1,28.0,Retail,HR,1,1,1,0,4.6,1.0,5.7,8.7,2.9,1,0,Coop
486,16.06570842,0,1,28.0,Retail,HR,1,1,1,0,5.4,4.8,8.0,9.4,2.9,1,0,Coin
487,37.38809035,0,1,20.0,etc,HR,0,1,0,0,7.8,7.6,4.1,4.0,5.2,1,0,Teatro alla scala
488,44.02464066,1,0,26.0,State,IT,1,0,0,0,4.6,3.4,6.4,7.1,6.0,1,0,Caisse des dépôts
489,12.78028747,1,1,27.0,IT,HR,1,0,0,0,6.2,6.2,4.9,5.6,6.0,1,0,Linkbynet
490,106.8418891,1,1,22.0,Telecom,HR,0,1,0,0,7.0,3.4,4.1,6.3,8.3,0,1,Vodafoneziggo
491,50.20123203,0,1,31.0,manufacture,HR,1,0,0,0,8.6,4.8,4.1,2.5,4.4,0,1,Groupe delta dore
492,6.143737166,1,1,31.0,manufacture,HR,1,0,1,0,5.4,5.5,6.4,6.3,6.7,0,1,Simon
493,45.8973306,1,1,31.0,etc,HR,0,0,0,0,5.4,8.4,2.6,5.6,7.5,0,1,Mcfit global group gmbh
494,80.65708419,1,1,37.0,Building,HR,0,0,0,0,2.2,7.6,8.0,4.0,2.1,0,1,Xervon gmbh
495,49.31416838,1,0,42.0,IT,Consult,1,0,0,0,5.4,8.4,6.4,5.6,5.2,1,0,Linkbynet
496,20.04106776,1,1,22.0,Retail,HR,0,1,0,0,5.4,4.8,4.9,7.1,6.7,1,0,Sarenza
497,20.04106776,1,1,22.0,Retail,HR,0,1,0,0,4.6,1.9,8.0,6.3,6.0,1,0,Lidl italia
498,4.435318275,1,0,40.0,Agriculture,Sales,0,0,0,0,4.6,4.1,7.2,10.0,5.2,1,0,Syngenta
499,24.21355236,0,1,23.0,transport,HR,1,0,0,0,5.4,5.5,8.0,2.5,4.4,1,0,Systra
500,3.58110883,1,1,34.0,Retail,BusinessDevelopment,0,1,0,0,3.0,7.6,4.9,5.6,5.2,1,0,Intertoys
501,83.58110883,0,0,33.0,State,Sales,0,0,0,0,7.0,6.2,4.1,6.3,9.0,0,1,Ayuntamiento de malaga
502,18.49691992,1,1,46.0,Building,HR,0,0,0,0,3.8,5.5,4.9,5.6,5.2,0,1,Bsk
503,73.13347023,0,1,22.0,Retail,HR,1,1,0,0,3.8,6.2,5.7,7.9,9.0,1,0,Edeka aktiengesellschaft
504,76.68172485,0,1,25.0,Mining,Finanñe,0,1,0,0,6.2,6.2,6.4,5.6,3.7,0,1,Dunlop conveyor belting
505,82.82546201,1,1,23.0,Banks,HR,1,1,0,0,6.2,9.1,4.1,3.3,6.7,0,1,Credit suisse
506,82.82546201,1,1,23.0,Banks,HR,1,1,0,0,7.0,7.6,3.3,3.3,6.7,0,1,Lbbw
507,28.84599589,1,0,31.0,Retail,Sales,1,0,1,0,6.2,6.9,6.4,3.3,6.7,1,0,Coop
508,5.289527721,0,1,25.0,State,HR,0,1,0,0,9.4,4.8,3.3,7.1,9.0,1,0,Ayuntamiento de malaga
509,149.6180698,0,1,30.0,RealEstate,BusinessDevelopment,1,0,0,0,5.4,6.9,2.6,5.6,8.3,0,1,Metrovacesa
510,109.2402464,0,1,22.0,State,HR,1,1,0,1,5.4,5.5,7.2,4.0,2.9,0,0,Comune di modena
511,35.74537988,1,1,35.0,Retail,HR,0,0,0,0,5.4,7.6,4.9,4.0,6.0,1,0,Intertoys
512,50.98973306,1,1,24.0,Consult,HR,1,1,0,0,7.8,5.5,3.3,7.9,8.3,1,0,Soges s.p.a.
513,109.1088296,0,1,29.0,Retail,HR,0,0,0,0,4.6,3.4,9.5,4.8,2.1,0,1,General optica
514,10.51334702,0,0,36.0,manufacture,Engineer,1,0,0,0,7.8,2.6,4.1,8.7,6.7,1,0,Carel
515,129.2813142,0,0,33.0,manufacture,Engineer,1,0,0,0,5.4,8.4,4.1,4.8,6.7,1,0,Siemens
516,34.59548255,0,1,34.0,Retail,HR,0,1,0,0,8.6,5.5,4.1,5.6,6.7,0,1,Sarenza
517,34.59548255,0,1,34.0,Retail,HR,0,1,0,0,8.6,3.4,4.1,7.1,6.0,0,1,Action
518,34.59548255,0,1,34.0,Retail,HR,0,1,0,0,7.8,4.1,4.1,7.1,6.7,0,1,Lidl italia
519,51.1211499,0,1,28.0,Retail,HR,0,1,0,0,5.4,5.5,6.4,2.5,4.4,0,1,Intertoys
520,15.11293634,0,1,45.0,State,HR,0,1,0,0,6.2,6.2,3.3,6.3,8.3,1,0,Ayuntamiento de malaga
521,15.11293634,0,1,45.0,State,HR,0,1,0,0,4.6,4.8,4.1,7.9,9.0,1,0,Ayuntamiento de malaga
522,9.790554415,1,1,41.0,Retail,HR,0,0,0,0,3.0,6.9,6.4,4.8,6.0,1,0,Zooplus ag
523,9.790554415,1,1,41.0,Retail,HR,0,0,0,0,2.2,6.9,8.0,6.3,3.7,1,0,Tape à l'oeil
524,9.790554415,1,1,41.0,Retail,HR,0,0,0,0,3.0,6.9,7.2,4.8,5.2,1,0,Lidl italia
525,3.121149897,1,1,41.0,Consult,HR,0,1,0,0,1.4,4.8,8.7,5.6,2.1,1,0,Ebbinge
526,3.121149897,1,1,41.0,Consult,HR,0,1,0,0,3.0,8.4,8.0,3.3,2.1,1,0,Soges s.p.a.
527,38.17659138,0,0,33.0,Retail,HR,1,1,0,0,2.2,7.6,6.4,4.8,7.5,1,0,Zooplus ag
528,30.02874743,1,1,22.0,Banks,HR,1,1,0,0,6.2,4.8,4.9,4.8,6.7,1,0,Lbbw
529,5.092402464,0,1,29.0,Retail,HR,1,1,1,0,4.6,5.5,1.8,7.1,6.7,1,0,Zooplus ag
530,5.092402464,0,1,29.0,Retail,HR,1,1,1,0,4.6,1.0,5.7,8.7,2.9,1,0,Global intergold
531,5.092402464,0,1,29.0,Retail,HR,1,1,1,0,5.4,4.8,8.0,9.4,2.9,1,0,Coin
532,34.0698152,1,1,34.0,manufacture,Marketing,0,0,1,0,9.4,3.4,4.9,3.3,6.0,0,1,Imtech
533,40.60780287,0,0,33.0,Retail,HR,0,1,0,0,4.6,6.2,8.0,7.1,5.2,0,1,General optica
534,40.60780287,0,0,33.0,Retail,HR,0,1,0,0,5.4,7.6,5.7,7.1,6.0,0,1,Coin
535,10.51334702,0,1,28.0,Agriculture,HR,0,1,0,0,6.2,5.5,3.3,6.3,8.3,1,0,Syngenta
536,33.93839836,1,1,27.0,Retail,HR,1,1,0,0,5.4,3.4,3.3,8.7,8.3,1,0,Action
537,33.93839836,1,1,27.0,Retail,HR,1,1,0,0,6.2,6.2,7.2,3.3,3.7,1,0,Action
538,10.7761807,1,1,35.0,transport,Commercial,0,1,0,0,7.8,5.5,1.8,5.6,8.3,0,1,Sbb cargo
539,59.86036961,1,1,27.0,Retail,HR,1,0,0,0,6.2,6.9,4.1,5.6,6.0,1,0,Coop
540,24.83778234,1,1,42.0,transport,HR,0,0,0,0,5.4,4.8,4.1,4.8,6.0,1,0,Systra
541,33.87268994,0,1,22.0,Retail,manage,0,1,0,0,6.2,9.1,4.9,3.3,2.9,1,0,Coin
542,53.58521561,0,1,40.0,RealEstate,HR,0,1,0,1,3.8,8.4,8.0,4.0,4.4,0,0,Metrovacesa
543,53.58521561,0,1,40.0,RealEstate,HR,0,1,0,1,4.6,9.1,4.9,3.3,2.9,0,0,Metrovacesa
544,1.971252567,0,0,31.0,Banks,IT,0,0,1,0,6.2,4.1,2.6,8.7,8.3,0,1,Lbbw
545,0.788501027,0,1,43.0,etc,HR,0,0,0,0,3.0,6.2,8.0,7.1,4.4,1,0,Teatro alla scala
546,57.62628337,0,1,23.0,etc,Sales,1,1,0,0,5.4,6.2,9.5,5.6,5.2,1,0,Teatro real
547,23.45790554,0,1,29.0,Retail,HR,1,0,0,0,7.8,5.5,5.7,4.0,5.2,1,0,Coop
548,23.45790554,0,1,29.0,Retail,HR,1,0,0,0,6.2,6.2,5.7,6.3,2.9,1,0,Lidl italia
549,23.45790554,0,1,29.0,Retail,HR,1,0,0,0,7.0,6.2,5.7,4.0,3.7,1,0,Action
550,46.9486653,0,1,22.0,State,HR,1,1,0,0,4.6,9.1,6.4,5.6,6.0,0,1,Comune di modena
551,15.40862423,1,1,44.0,State,HR,1,1,1,0,3.8,6.2,5.7,5.6,6.7,0,1,Comune di modena
552,39.2936345,0,0,21.0,IT,IT,1,0,0,1,3.8,5.5,5.7,7.9,3.7,0,0,Giesecke & devrient
553,47.6386037,0,0,40.0,IT,Sales,0,0,0,0,1.4,6.9,9.5,6.3,1.3,0,1,Linkbynet
554,3.811088296,1,1,32.0,etc,Marketing,0,0,0,0,3.8,6.2,6.4,4.0,6.0,1,0,Mcfit global group gmbh
555,66.7926078,0,0,31.0,Banks,etc,0,0,0,0,4.6,7.6,4.1,4.0,6.0,1,0,Société générale
556,13.8973306,1,1,23.0,etc,HR,1,1,0,0,4.6,8.4,6.4,2.5,2.1,1,0,Mcfit global group gmbh
557,108.550308,1,0,27.0,Building,HR,0,0,0,0,3.8,6.2,8.0,5.6,6.0,0,1,Bsk
558,86.66940452,0,1,25.0,manufacture,HR,1,1,0,0,4.6,7.6,9.5,2.5,1.3,1,0,Siemens
559,86.66940452,0,1,25.0,manufacture,HR,1,1,0,0,5.4,5.5,7.2,5.6,2.9,1,0,Imtech
560,18.33264887,1,0,39.0,Banks,Finanñe,1,0,0,0,3.8,7.6,6.4,4.8,5.2,1,0,Credit suisse
561,133.4209446,1,1,29.0,Retail,Sales,0,0,0,0,5.4,6.9,2.6,7.9,6.7,0,1,Coin
562,8.180698152,1,1,24.0,Consult,HR,0,1,0,0,6.2,3.4,7.2,2.5,3.7,1,0,Vertone
563,8.180698152,1,1,24.0,Consult,HR,0,1,0,0,6.2,5.5,7.2,7.1,4.4,1,0,Vertone
564,13.33880903,1,1,33.0,manufacture,HR,1,0,0,0,9.4,5.5,1.8,4.8,6.7,0,1,Siemens
565,55.78644764,1,1,27.0,Retail,Sales,1,0,0,0,4.6,6.9,7.2,2.5,6.7,1,0,General optica
566,12.97741273,1,1,29.0,Consult,HR,1,1,0,1,3.8,4.8,6.4,7.9,6.7,0,0,Ebbinge
567,32.32854209,0,1,29.0,manufacture,HR,0,1,0,0,3.8,4.8,6.4,7.9,6.7,1,0,Groupe delta dore
568,163.8110883,1,0,19.0,manufacture,HR,0,0,0,0,4.6,5.5,6.4,7.9,6.0,0,1,Simon
569,31.96714579,1,0,29.0,Consult,HR,1,0,0,0,4.6,3.4,10.0,6.3,1.0,1,0,Ebbinge
570,4.862422998,0,1,27.0,manufacture,HR,0,0,0,0,5.4,4.1,5.7,7.1,3.7,0,1,Simon
571,13.73305955,0,1,29.0,manufacture,HR,0,1,0,0,6.2,3.4,4.9,7.9,7.5,1,0,Groupe delta dore
572,51.94250513,0,0,33.0,PowerGeneration,etc,0,1,0,0,6.2,4.8,4.9,5.6,5.2,0,1,Mbp group
573,22.57084189,1,1,30.0,RealEstate,HR,0,0,1,0,7.8,3.4,4.9,5.6,5.2,1,0,Metrovacesa
574,19.44969199,0,1,31.0,etc,HR,1,1,0,0,7.0,2.6,4.1,8.7,5.2,1,0,Uefa
575,73.98767967,0,0,33.0,Telecom,IT,1,0,0,0,7.0,6.2,3.3,6.3,7.5,0,1,Netcologne
576,8.739219713,0,0,34.0,manufacture,HR,1,1,0,0,9.4,7.6,1.0,4.0,5.2,1,0,Groupe delta dore
577,48.45995893,1,1,34.0,Mining,manage,0,1,0,0,7.0,2.6,7.2,4.8,5.2,1,0,Dunlop conveyor belting
578,14.85010267,1,0,29.0,PowerGeneration,HR,0,1,0,0,3.8,3.4,8.0,6.3,6.0,1,0,Mbp group
579,63.54004107,1,1,31.0,Building,Marketing,0,0,0,0,3.8,5.5,3.3,9.4,9.0,0,1,Bsk
580,49.31416838,1,0,42.0,Consult,Consult,1,0,0,0,5.4,8.4,6.4,5.6,5.2,1,0,Soges s.p.a.
581,13.27310062,1,1,34.0,Mining,HR,0,0,0,0,6.2,4.8,4.1,5.6,6.7,0,1,Dunlop conveyor belting
582,17.83983573,1,1,39.0,Retail,HR,1,0,0,0,6.2,7.6,4.1,2.5,4.4,0,1,Tape à l'oeil
583,114.1355236,1,1,38.0,Mining,Finanñe,0,0,0,0,3.8,3.4,9.5,7.1,2.9,1,0,Dunlop conveyor belting
584,8.147843943,0,1,42.0,Banks,HR,0,1,0,0,3.8,8.4,2.6,4.8,7.5,1,0,Banco santander
585,8.082135524,1,1,33.0,manufacture,HR,1,0,1,0,7.8,6.9,2.6,4.8,8.3,0,1,Siemens
586,26.94045175,1,1,44.0,transport,HR,0,0,0,0,3.8,6.2,4.9,6.3,10.0,0,1,Systra
587,1.478439425,1,0,28.0,transport,Commercial,0,0,0,0,6.2,3.4,6.4,8.7,6.0,1,0,Systra
588,94.81724846,0,1,30.40033257,Retail,HR,0,1,1,0,6.2,4.1,4.1,6.3,7.5,1,0,Lidl italia
589,12.78028747,1,1,24.0,etc,HR,1,1,0,0,8.6,4.8,4.1,6.3,5.2,1,0,Teatro alla scala
590,19.87679671,1,1,29.0,manufacture,HR,0,0,0,0,6.2,6.2,4.9,4.8,7.5,0,1,Carel
591,34.82546201,0,0,27.0,etc,Sales,1,0,1,0,10.0,2.6,4.1,5.6,9.0,1,0,Mcfit global group gmbh
592,96.72279261,1,0,30.0,Retail,Sales,0,0,0,0,6.2,7.6,4.9,4.8,8.3,0,1,Caprabo
593,12.12320329,1,1,39.0, HoReCa,HR,0,0,0,1,3.8,6.9,5.7,5.6,3.7,0,0,Buffalo grill
594,10.64476386,1,1,26.0,Telecom,IT,1,0,1,0,7.0,4.1,2.6,8.7,9.0,1,0,Netcologne
595,4.402464066,0,0,40.0,State,Consult,0,0,1,1,7.0,6.2,4.1,6.3,9.0,0,0,Caisse des dépôts
596,2.36550308,0,1,28.0,Building,HR,1,0,0,0,7.0,6.9,2.6,4.0,5.2,1,0,Xervon gmbh
597,17.51129363,0,1,39.0,transport,HR,0,1,0,0,4.6,4.1,4.9,5.6,3.7,1,0,Sbb cargo
598,17.51129363,0,1,39.0,transport,HR,0,1,0,0,6.2,4.8,5.7,4.0,2.9,1,0,Systra
599,18.16837782,0,1,24.0,Retail,HR,1,1,0,0,5.4,4.8,4.9,7.1,6.7,1,0,Lidl italia
600,18.16837782,0,1,24.0,Retail,HR,1,1,0,0,4.6,1.9,8.0,6.3,6.0,1,0,Intertoys
601,10.38193018,0,1,34.0,etc,etc,1,1,0,0,6.2,1.0,7.2,4.8,6.0,0,1,Teatro real
602,7.852156057,0,1,23.0,transport,HR,1,1,0,0,4.6,7.6,8.0,5.6,2.1,1,0,Sbb cargo
603,84.04106776,0,0,28.0,IT,HR,0,0,0,0,2.2,5.5,7.2,4.8,3.7,1,0,Linkbynet
604,8.213552361,0,1,30.0,transport,HR,0,0,0,0,6.2,6.2,6.4,3.3,4.4,1,0,Sbb cargo
605,9.593429158,1,1,34.0,State,Teaching,0,1,0,0,7.8,7.6,3.3,2.5,7.5,1,0,Comune di modena
606,43.92607803,1,1,32.0,transport,HR,1,0,0,0,6.2,4.8,2.6,5.6,9.8,1,0,Sbb cargo
607,82.75975359,0,1,20.0,Telecom,HR,1,1,0,1,3.8,6.9,5.7,6.3,6.7,0,0,Vodafoneziggo
608,27.92607803,0,1,25.0,Consult,HR,0,1,0,0,7.0,4.1,5.7,5.6,8.3,1,0,Vertone
609,3.811088296,1,1,23.0,etc,HR,1,0,0,0,7.0,4.8,7.2,4.8,4.4,1,0,Teatro real
610,48.09856263,1,1,25.0,State,Consult,1,1,0,0,7.0,4.1,5.7,6.3,7.5,1,0,Ayuntamiento de malaga
611,8.640657084,1,1,25.0,Retail,IT,0,1,1,0,7.0,2.6,6.4,7.9,5.2,1,0,Coop
612,30.68583162,0,1,37.0,IT,HR,1,1,0,0,5.4,6.9,5.7,5.6,6.7,1,0,Giesecke & devrient
613,26.34907598,0,0,36.0,transport,etc,0,0,1,0,3.8,8.4,5.7,6.3,6.0,1,0,Systra
614,18.13552361,0,1,23.0,PowerGeneration,HR,0,0,0,0,7.0,5.5,4.1,4.8,6.0,1,0,Mbp group
615,7.227926078,0,1,26.0,State,HR,0,0,0,0,7.8,6.2,3.3,7.1,6.7,1,0,Caisse des dépôts
616,23.2936345,1,1,32.0,Consult,HR,0,1,0,0,6.2,6.2,7.2,3.3,2.9,0,1,Ebbinge
617,100.238193,0,1,23.0,Retail,HR,0,0,0,0,5.4,5.5,5.7,4.8,9.8,0,1,General optica
618,36.00821355,0,1,45.0,transport,HR,0,1,0,0,4.6,4.8,4.9,8.7,5.2,0,1,Systra
619,19.18685832,1,1,25.0,Consult,HR,1,1,1,0,7.0,4.8,5.7,4.8,5.2,1,0,Soges s.p.a.
620,43.95893224,0,1,38.0,Retail,HR,0,0,0,0,7.8,7.6,2.6,5.6,7.5,1,0,Coin
621,90.15195072,0,1,20.0,Telecom,HR,1,1,0,0,9.4,6.9,2.6,3.3,7.5,1,0,Vodafoneziggo
622,22.24229979,1,1,34.0,Retail,HR,0,0,0,0,7.8,4.1,2.6,4.8,4.4,0,1,Lidl italia
623,33.57700205,0,1,24.0,IT,HR,0,0,0,0,6.2,6.2,4.9,3.3,4.4,1,0,Teoresi s.p.a
624,5.94661191,0,1,38.0,Retail,BusinessDevelopment,0,0,0,0,7.0,4.8,4.1,7.1,9.0,0,1,Edeka aktiengesellschaft
625,19.74537988,0,1,33.0,Pharma,HR,0,0,0,0,5.4,6.9,4.1,4.8,6.0,1,0,Cromsource
626,26.02053388,1,0,25.0,Retail,IT,0,0,0,0,2.2,7.6,5.7,7.9,6.0,0,1,General optica
627,25.36344969,0,1,32.0,manufacture,HR,0,0,0,0,6.2,6.9,5.7,4.8,8.3,0,1,Carel
628,41.69199179,1,1,36.0,manufacture,Sales,0,0,1,0,8.6,4.8,1.8,7.1,8.3,0,1,"Mettler-toledo international, inc"
629,23.55646817,1,1,32.0,etc,HR,1,1,0,0,5.4,6.9,7.2,7.9,6.7,1,0,Teatro real
630,80.49281314,1,1,25.0,Consult,HR,1,1,0,0,6.2,6.2,5.7,3.3,6.7,1,0,Ebbinge
631,22.01232033,0,0,37.0,manufacture,etc,0,0,0,0,3.0,8.4,5.7,5.6,6.7,1,0,Carel
632,42.38193018,1,1,26.0,Consult,BusinessDevelopment,1,0,0,0,9.4,6.9,3.3,3.3,6.0,1,0,Vertone
633,33.41273101,0,0,32.0,Retail,HR,0,0,0,0,4.6,2.6,6.4,8.7,6.0,1,0,Sarenza
634,64.52566735,0,1,25.0,etc,HR,1,0,0,1,7.8,4.1,6.4,4.0,3.7,0,0,Teatro real
635,3.482546201,1,1,37.0,IT,HR,1,1,0,0,6.2,6.9,5.7,6.3,5.2,1,0,Giesecke & devrient
636,88.83778234,1,1,25.0,transport,HR,1,1,0,0,4.6,6.9,4.9,4.0,6.0,0,1,Systra
637,110.4887064,0,1,25.0,Pharma,HR,1,1,0,0,10.0,1.9,2.6,7.1,9.8,1,0,Cromsource
638,14.06160164,0,1,56.0,Retail,HR,0,0,0,0,4.6,6.2,4.9,5.6,6.7,1,0,Zooplus ag
639,11.99178645,1,0,24.0,State,Teaching,0,1,0,0,6.2,4.1,5.7,5.6,3.7,1,0,Ayuntamiento de malaga
640,101.5195072,0,1,32.0,IT,HR,0,1,0,0,4.6,7.6,4.1,4.8,6.0,1,0,Teoresi s.p.a
641,179.449692,0,1,24.0,Retail,HR,0,1,0,0,7.0,4.8,2.6,5.6,8.3,1,0,Tape à l'oeil
642,12.38603696,0,1,24.0,Pharma,HR,1,1,0,0,5.4,6.9,5.7,5.6,4.4,1,0,Cromsource
643,24.90349076,0,1,24.0,manufacture,HR,0,0,0,0,3.8,7.6,8.0,4.8,2.9,1,0,"Mettler-toledo international, inc"
644,61.99589322,0,0,31.0,Banks,HR,0,1,0,0,5.4,4.8,8.7,5.6,4.4,0,1,Lbbw
645,24.47638604,0,1,27.0,Building,HR,0,0,0,0,8.6,5.5,4.9,3.3,3.7,1,0,Bsk
646,63.70431211,0,1,37.0,manufacture,HR,0,0,0,1,6.2,6.9,3.3,7.1,6.7,0,0,Imtech
647,5.388090349,1,1,38.0,Retail,HR,0,0,0,0,1.4,4.1,7.2,6.3,7.5,0,1,Edeka aktiengesellschaft
648,64.75564682,0,1,35.0,Consult,HR,1,1,0,1,7.0,6.2,7.2,2.5,5.2,0,0,Ebbinge
649,64.75564682,0,1,35.0,Consult,HR,1,1,0,1,8.6,6.9,5.7,3.3,4.4,0,0,Ebbinge
650,2.694045175,0,0,29.0,PowerGeneration,HR,0,1,0,0,7.0,5.5,8.0,5.6,8.3,1,0,Sma solar technology ag
651,2.39835729,0,0,25.0,Retail,Marketing,0,1,0,0,6.2,2.6,5.7,5.6,6.7,0,1,Lidl italia
652,26.87474333,1,1,26.0,Consult,HR,1,1,0,0,8.6,4.1,4.9,5.6,5.2,1,0,Soges s.p.a.
653,144.7556468,0,1,27.0,manufacture,HR,0,1,0,0,5.4,9.1,3.3,4.8,6.0,0,1,"Mettler-toledo international, inc"
654,45.30595483,1,1,34.0,Retail,HR,0,1,0,0,7.0,1.9,9.5,5.6,6.0,1,0,Edeka aktiengesellschaft
655,45.30595483,1,1,34.0,Retail,HR,0,1,0,0,6.2,2.6,8.7,6.3,6.0,1,0,Coin
656,45.30595483,1,1,34.0,Retail,HR,0,1,0,0,5.4,2.6,10.0,3.3,3.7,1,0,Zooplus ag
657,45.30595483,1,1,34.0,Retail,HR,0,1,0,0,4.6,5.5,10.0,2.5,5.2,1,0,Zooplus ag
658,6.078028747,0,1,35.0, HoReCa,HR,0,1,0,0,5.4,5.5,7.2,5.6,2.9,1,0,Buffalo grill
659,22.63655031,1,1,36.0,PowerGeneration,Accounting,0,1,0,0,7.8,1.9,4.1,7.1,9.0,1,0,Mbp group
660,96.59137577,0,1,46.0,etc,Marketing,0,0,0,0,4.6,8.4,4.9,7.9,6.0,1,0,Teatro alla scala
661,10.90759754,1,1,32.0,Building,HR,1,0,0,0,7.8,5.5,4.9,6.3,9.0,0,1,Bsk
662,16.95277207,0,1,38.0,Retail,HR,0,1,0,1,7.0,1.9,9.5,5.6,6.0,0,0,Zooplus ag
663,16.95277207,0,1,38.0,Retail,HR,0,1,0,1,6.2,2.6,8.7,6.3,6.0,0,0,Action
664,16.95277207,0,1,38.0,Retail,HR,0,1,0,1,5.4,2.6,10.0,3.3,3.7,0,0,Global intergold
665,16.95277207,0,1,38.0,Retail,HR,0,1,0,1,4.6,5.5,10.0,2.5,5.2,0,0,Coin
666,61.2073922,0,1,25.0,etc,HR,0,1,0,0,6.2,6.2,3.3,6.3,6.7,1,0,Uefa
667,9.264887064,1,1,23.0,Retail,HR,0,1,0,0,7.0,5.5,3.3,4.8,6.7,1,0,Sarenza
668,81.64271047,0,1,31.0,Retail,HR,1,1,0,0,4.6,5.5,7.2,3.3,2.9,1,0,Lidl italia
669,81.64271047,0,1,31.0,Retail,HR,1,1,0,0,4.6,5.5,7.2,4.8,3.7,1,0,Caprabo
670,55.95071869,0,1,40.0,etc,HR,0,1,0,1,3.8,8.4,8.0,4.0,4.4,0,0,Teatro alla scala
671,55.95071869,0,1,40.0,etc,HR,0,1,0,1,4.6,9.1,4.9,3.3,2.9,0,0,Teatro alla scala
672,49.7412731,0,0,40.0,IT,Sales,0,0,0,0,1.4,6.9,9.5,6.3,1.3,0,1,Sita
673,57.10061602,0,0,26.0,Building,HR,1,0,0,0,4.6,6.9,4.9,5.6,6.7,0,1,Bsk
674,163.7782341,0,0,23.0,Retail,HR,0,1,0,0,4.6,6.2,8.0,7.1,5.2,0,1,Coin
675,163.7782341,0,0,23.0,Retail,HR,0,1,0,0,5.4,7.6,5.7,7.1,6.0,0,1,Coin
676,54.01232033,1,0,37.0,IT,IT,0,0,0,0,7.8,4.8,2.6,5.6,9.8,1,0,Canon nederland n.v.
677,23.75359343,0,1,34.0,Banks,HR,0,1,0,0,3.8,6.9,7.2,5.6,5.2,1,0,Lbbw
678,1.412731006,1,1,29.0,Banks,HR,1,1,0,0,4.6,4.1,6.4,4.8,4.4,1,0,Lbbw
679,59.89322382,1,1,27.0,Retail,HR,1,0,0,0,6.2,6.9,4.1,5.6,6.0,0,1,General optica
680,27.4661191,0,1,31.0,Consult,Marketing,0,0,0,1,5.4,5.5,3.3,7.9,8.3,0,0,Ebbinge
681,89.19917864,1,0,18.0,Retail,Sales,1,0,0,0,7.8,5.5,2.6,7.1,7.5,1,0,Zooplus ag
682,47.21149897,0,1,31.0, HoReCa,HR,0,1,0,0,7.0,4.8,6.4,4.0,6.7,0,1,Buffalo grill
683,21.48665298,0,1,27.0,Retail,HR,1,0,0,0,5.4,7.6,6.4,4.0,4.4,1,0,Edeka aktiengesellschaft
684,8.344969199,0,1,35.0,etc,HR,0,1,0,0,5.4,6.9,7.2,7.9,6.7,1,0,Teatro real
685,48.19712526,0,1,39.0,manufacture,HR,1,1,0,0,3.0,7.6,9.5,3.3,4.4,1,0,Siemens
686,48.19712526,0,1,39.0,manufacture,HR,1,1,0,0,3.0,7.6,8.0,4.0,1.3,1,0,Imtech
687,42.18480493,0,1,27.0,PowerGeneration,HR,0,0,0,0,3.0,2.6,6.4,7.1,7.5,1,0,Mbp group
688,42.18480493,0,1,27.0,PowerGeneration,HR,0,0,0,0,3.0,5.5,4.1,7.1,8.3,1,0,Sma solar technology ag
689,39.22792608,1,1,37.0,Retail,HR,0,1,0,0,6.2,6.9,4.1,6.3,8.3,0,1,Edeka aktiengesellschaft
690,39.22792608,1,1,37.0,Retail,HR,0,1,0,0,3.8,9.1,4.9,5.6,7.5,0,1,Coop
691,39.22792608,1,1,37.0,Retail,HR,0,1,0,0,6.2,6.9,4.1,6.3,8.3,0,1,Tape à l'oeil
692,39.22792608,1,1,37.0,Retail,HR,0,1,0,0,3.8,9.1,4.9,5.6,7.5,0,1,Action
693,43.69609856,0,1,36.0,IT,HR,1,1,0,0,5.4,6.9,5.7,5.6,6.7,1,0,Giesecke & devrient
694,14.22587269,0,1,31.0,IT,HR,1,1,0,0,6.2,6.2,5.7,3.3,6.7,1,0,Linkbynet
695,33.90554415,0,1,23.0,Retail,HR,1,1,0,0,6.2,4.1,8.0,4.0,4.4,1,0,Caprabo
696,70.34086242,0,1,31.0,manufacture,HR,1,1,0,0,1.4,7.6,8.0,5.6,1.0,1,0,"Mettler-toledo international, inc"
697,39.88501027,0,0,22.0,etc,HR,0,1,0,0,8.6,2.6,6.4,6.3,6.7,1,0,Teatro real
698,144.5913758,1,0,30.0,Retail,Finanñe,0,1,0,0,8.6,2.6,4.9,7.1,7.5,1,0,Zooplus ag
699,15.17864476,0,1,45.0,Retail,HR,0,1,0,1,3.8,6.9,8.0,6.3,5.2,0,0,Coop
700,57.65913758,0,1,33.0,PowerGeneration,HR,1,1,0,0,7.8,6.2,6.4,7.9,6.0,0,1,Mbp group
701,57.65913758,0,1,33.0,PowerGeneration,HR,1,1,0,0,3.8,3.4,5.7,8.7,7.5,0,1,Sma solar technology ag
702,47.96714579,1,1,33.0,Banks,HR,0,1,0,0,7.0,6.2,1.0,9.4,7.5,1,0,Banco santander
703,42.25051335,1,1,18.0,Banks,HR,1,1,0,0,6.2,6.2,4.1,2.5,5.2,1,0,Société générale
704,12.68172485,1,1,36.0,PowerGeneration,HR,1,0,0,0,6.2,5.5,5.7,5.6,6.7,1,0,Mbp group
705,15.93429158,0,1,41.0,Retail,HR,0,0,1,0,7.8,7.6,4.1,1.7,5.2,1,0,Action
706,29.47022587,1,1,29.0,Banks,HR,0,1,0,0,6.2,5.5,4.9,5.6,9.8,1,0,Banco santander
707,1.18275154,0,1,50.0,Pharma,BusinessDevelopment,0,0,1,0,4.6,6.2,8.0,4.8,5.2,0,1,Cromsource
708,56.73921971,0,1,34.0, HoReCa,HR,0,1,0,0,6.2,4.1,7.2,4.8,1.0,0,1,Buffalo grill
709,116.7310062,1,0,38.0,Retail,Commercial,1,0,0,0,7.8,9.1,2.6,4.0,9.0,0,1,Lidl italia
710,39.68788501,0,1,25.0,IT,HR,0,0,0,0,6.2,6.9,2.6,5.6,7.5,1,0,Giesecke & devrient
711,49.87268994,1,1,30.40033257,State,Finanñe,0,0,1,0,10.0,5.5,4.1,4.0,7.5,1,0,Comune di modena
712,12.22176591,1,0,27.0,Retail,Sales,1,0,0,0,3.8,3.4,2.6,10.0,9.0,0,1,Coin
713,19.28542094,1,1,38.0,Retail,Commercial,0,0,0,0,7.0,6.9,4.1,4.0,6.7,0,1,Coop
714,43.86036961,0,1,29.0,Retail,HR,0,1,0,0,8.6,6.2,4.9,4.8,9.0,0,1,General optica
715,131.613963,0,1,26.0,Telecom,IT,1,0,0,0,3.0,6.9,4.9,6.3,6.0,0,1,Netcologne
716,13.9301848,0,1,27.0,manufacture,HR,0,1,0,0,7.0,4.8,6.4,4.8,4.4,1,0,Imtech
717,18.92402464,0,0,43.0,Consult,IT,0,0,0,1,6.2,4.1,5.7,7.1,8.3,0,0,Vertone
718,81.83983573,1,0,34.0,Retail,Commercial,0,0,0,0,3.8,3.4,7.2,8.7,7.5,0,1,Global intergold
719,16.75564682,0,1,31.0,etc,HR,0,1,1,0,8.6,4.8,2.6,7.9,6.7,1,0,Mcfit global group gmbh
720,20.69815195,0,1,27.0,manufacture,HR,0,0,0,0,7.8,4.8,1.8,6.3,6.0,1,0,Groupe delta dore
721,51.31827515,0,1,28.0,manufacture,HR,1,1,0,0,7.0,4.8,5.7,2.5,4.4,0,1,Carel
722,6.242299795,0,1,21.0,Consult,HR,1,1,1,0,7.0,6.2,4.1,4.8,6.7,1,0,Vertone
723,7.030800821,1,1,39.0,State,HR,0,1,0,0,7.0,4.1,2.6,7.9,7.5,0,1,Caisse des dépôts
724,7.030800821,1,1,39.0,State,HR,0,1,0,0,7.8,6.2,2.6,5.6,6.7,0,1,Comune di modena
725,2.266940452,1,1,39.0,State,Teaching,0,0,1,0,2.2,6.9,8.7,6.3,5.2,1,0,Caisse des dépôts
726,26.54620123,1,1,27.0,Retail,Sales,1,0,0,0,8.6,7.6,1.0,5.6,10.0,1,0,Coop
727,79.01437372,1,0,29.0,Retail,IT,1,0,0,0,1.4,4.1,10.0,4.8,1.3,0,1,Edeka aktiengesellschaft
728,0.525667351,0,1,49.0,Telecom,HR,0,0,0,0,5.4,2.6,4.1,6.3,6.7,0,1,Netcologne
729,140.2217659,0,0,27.0,Retail,BusinessDevelopment,0,0,0,0,3.8,6.2,4.1,7.9,5.2,0,1,Coin
730,26.57905544,1,1,28.0,Banks,HR,0,1,0,1,3.8,9.1,6.4,4.8,6.7,0,0,Société générale
731,25.52772074,1,1,27.0,Consult,Sales,1,0,1,0,7.0,4.8,4.9,5.6,6.7,1,0,Soges s.p.a.
732,5.125256674,0,0,23.0,Consult,HR,1,0,0,0,4.6,6.2,4.9,6.3,8.3,1,0,Vertone
733,40.11498973,0,0,41.0,IT,IT,0,0,0,0,1.4,6.9,9.5,6.3,1.3,0,1,Marktel
734,32.32854209,0,0,49.0,PowerGeneration,IT,0,0,1,0,3.0,3.4,8.7,5.6,3.7,0,1,Sma solar technology ag
735,1.708418891,0,0,30.0,IT,IT,1,0,0,0,6.2,4.8,7.2,4.8,3.7,1,0,Teoresi s.p.a
736,50.29979466,0,1,21.0,Banks,HR,1,1,1,0,4.6,6.9,7.2,7.1,1.3,1,0,Société générale
737,70.50513347,1,1,24.0,manufacture,HR,0,1,0,0,7.8,5.5,7.2,5.6,3.7,1,0,Imtech
738,14.58726899,1,1,34.0,Retail,HR,1,0,0,0,3.8,4.8,6.4,7.9,6.7,0,1,General optica
739,37.15811088,1,0,38.0,Retail,HR,0,1,0,0,7.0,3.4,5.7,8.7,5.2,1,0,Zooplus ag
740,27.33470226,0,1,32.0,etc,Sales,0,0,0,0,7.8,5.5,2.6,4.0,7.5,1,0,Teatro real
741,32.85420945,1,1,58.0,Retail,Accounting,0,0,0,0,5.4,4.8,6.4,4.8,6.0,1,0,Global intergold
742,5.453798768,0,0,29.0,PowerGeneration,HR,0,1,0,0,7.0,5.5,8.0,5.6,8.3,1,0,Sma solar technology ag
743,79.54004107,0,0,23.0,IT,IT,1,0,0,0,4.6,5.5,8.7,4.8,4.4,0,1,Marktel
744,12.64887064,0,1,36.0,IT,HR,1,0,0,0,4.6,6.9,4.9,5.6,6.0,1,0,Teoresi s.p.a
745,20.30390144,0,1,45.0,State,HR,0,1,1,0,6.2,6.2,3.3,6.3,8.3,1,0,Comune di modena
746,20.30390144,0,1,45.0,State,HR,0,1,1,0,4.6,4.8,4.1,7.9,9.0,1,0,Comune di modena
747,10.48049281,1,1,28.0,Consult,HR,1,0,0,0,7.0,4.1,3.3,4.8,6.7,1,0,Vertone
748,11.03901437,1,1,37.0,Mining,HR,0,0,0,0,4.6,4.8,8.0,5.6,8.3,1,0,Dunlop conveyor belting
749,128.1314168,0,1,32.0,Building,HR,0,0,0,0,7.8,6.9,4.1,3.3,7.5,1,0,Bsk
750,5.585215606,0,0,37.0,IT,IT,1,0,0,0,6.2,6.9,4.1,4.0,8.3,1,0,Linkbynet
751,61.07597536,0,0,29.0,IT,IT,0,0,0,0,1.0,5.5,10.0,7.1,2.9,1,0,Canon nederland n.v.
752,110.0287474,0,1,25.0,Retail,HR,1,0,0,0,6.2,3.4,6.4,6.3,7.5,0,1,Intertoys
753,52.27104723,0,0,27.0,Retail,IT,0,0,0,0,3.8,6.2,4.1,9.4,6.7,1,0,Coop
754,5.650924025,0,1,42.0,IT,IT,0,0,0,1,1.4,7.6,8.7,4.8,5.2,0,0,Linkbynet
755,22.66940452,1,0,32.0,IT,IT,0,0,0,0,1.4,7.6,9.5,6.3,5.2,0,1,Sita
756,6.275154004,0,0,28.0,Banks,IT,1,0,0,0,2.2,7.6,5.7,5.6,2.9,1,0,Credit suisse
757,10.61190965,0,0,40.0,State,Finanñe,0,1,0,0,4.6,7.6,5.7,6.3,7.5,0,1,Ayuntamiento de malaga
758,23.81930185,1,0,22.0,Building,Consult,1,0,0,0,7.0,4.8,2.6,7.1,6.7,1,0,Bsk
759,50.89117043,1,0,34.0,IT,IT,0,1,0,0,3.8,3.4,5.7,7.9,6.7,0,1,Linkbynet
760,38.53798768,0,0,40.0,IT,IT,0,0,0,0,3.8,6.2,8.7,6.3,4.4,0,1,Teoresi s.p.a
761,16.62422998,0,0,24.0,IT,IT,1,0,0,0,5.4,4.8,6.4,5.6,3.7,1,0,Canon nederland n.v.
762,28.02464066,0,0,34.0,IT,IT,0,0,0,1,6.2,1.2,7.2,6.3,9.0,0,0,Marktel
763,31.50718686,0,0,29.0,IT,IT,0,0,0,0,3.8,2.6,6.4,7.9,8.3,1,0,Teoresi s.p.a
764,5.158110883,0,0,40.0,Consult,IT,0,0,0,1,3.8,4.1,7.2,8.7,6.7,0,0,Vertone
765,4.928131417,0,1,23.0,IT,HR,1,0,0,0,5.4,4.8,5.7,7.1,6.7,1,0,Canon nederland n.v.
766,12.68172485,1,1,36.0,PowerGeneration,HR,1,0,0,0,6.2,5.5,5.7,5.6,6.7,1,0,Sma solar technology ag
767,40.87063655,1,0,35.0,IT,IT,1,0,0,0,6.2,7.6,4.1,6.3,6.7,0,1,Canon nederland n.v.
768,36.59958932,0,0,24.0,IT,IT,1,0,0,0,5.4,1.9,6.4,9.4,6.0,0,1,Giesecke & devrient
769,103.7207392,0,1,34.0,Retail,Accounting,0,1,0,0,4.6,3.4,8.0,5.6,5.2,0,1,Coin
770,9.199178645,1,0,44.0,IT,Engineer,0,0,0,0,7.0,7.6,6.4,6.3,6.0,1,0,Sita
771,16.78850103,0,1,29.0,Banks,HR,1,1,0,0,3.8,7.6,8.0,6.3,4.4,1,0,Société générale
772,34.29979466,0,0,34.0,manufacture,HR,1,1,0,0,7.8,4.8,7.2,6.3,7.5,1,0,Simon
773,16.85420945,0,0,28.0,IT,IT,1,0,0,0,4.6,4.8,5.7,6.3,4.4,1,0,Marktel
774,16.62422998,0,1,23.0,Retail,HR,0,1,0,0,3.0,4.8,6.4,5.6,3.7,1,0,Tape à l'oeil
775,42.61190965,0,1,37.0,transport,HR,0,0,0,0,4.6,6.2,8.0,4.8,6.0,1,0,Systra
776,16.65708419,0,0,29.0,Mining,HR,0,1,0,1,2.2,7.6,6.4,9.4,6.0,0,0,Dunlop conveyor belting
777,16.65708419,0,0,29.0,Mining,HR,0,1,0,1,2.2,5.5,7.2,7.1,6.7,0,0,Dunlop conveyor belting
778,82.7926078,0,0,23.0,Retail,Sales,1,0,0,0,6.2,2.6,8.7,4.8,5.2,1,0,Coin
779,1.839835729,0,1,32.0,Retail,HR,0,1,0,0,4.6,4.1,6.4,5.6,6.0,1,0,Global intergold
780,73.42915811,0,1,29.0,Retail,Commercial,1,0,0,1,4.6,4.8,7.2,6.3,2.9,0,0,Coin
781,0.394250513,1,0,36.0,IT,IT,0,0,0,1,3.8,7.6,2.6,7.9,4.4,0,0,Canon nederland n.v.
782,123.6960986,0,1,32.0,manufacture,HR,0,0,1,0,3.8,9.1,4.9,4.8,6.0,0,1,Groupe delta dore
783,12.97741273,1,1,26.0,Consult,HR,1,0,1,0,7.8,6.9,4.1,4.0,4.4,1,0,Vertone
784,7.819301848,0,1,30.0,Retail,HR,0,0,0,0,5.4,3.4,3.3,8.7,8.3,0,1,Tape à l'oeil
785,7.819301848,0,1,30.0,Retail,HR,0,0,0,0,6.2,6.2,7.2,3.3,3.7,0,1,Global intergold
786,155.3675565,0,1,30.0,RealEstate,Sales,1,0,0,1,5.4,6.9,2.6,5.6,8.3,0,0,Metrovacesa
787,15.70431211,0,1,24.0,Mining,HR,1,1,0,0,5.4,4.1,6.4,6.3,2.1,1,0,Dunlop conveyor belting
788,19.31827515,0,0,28.0,IT,IT,0,0,0,0,4.6,4.8,7.2,6.3,5.2,1,0,Marktel
789,20.99383984,0,1,26.0,Consult,HR,0,0,0,0,10.0,4.1,1.0,7.1,7.5,1,0,Vertone
790,2.792607803,0,1,41.0,manufacture,HR,0,1,0,0,7.0,4.8,3.3,5.6,7.5,1,0,Simon
791,37.12525667,1,1,38.0,manufacture,HR,1,0,0,0,3.0,3.4,7.2,5.6,5.2,0,1,"Mettler-toledo international, inc"
792,18.16837782,1,1,24.0,Consult,HR,0,1,0,0,5.4,6.9,7.2,2.5,4.4,1,0,Ebbinge
793,11.66324435,0,1,37.0,Telecom,HR,0,1,0,1,7.0,4.1,6.4,5.6,8.3,0,0,Netcologne
794,5.092402464,0,1,47.0,manufacture,HR,0,1,0,0,5.4,7.6,4.9,4.8,6.7,0,1,Groupe delta dore
795,22.70225873,0,1,26.0,Retail,HR,1,1,0,0,5.4,5.5,4.9,7.9,6.7,0,1,General optica
796,3.778234086,0,1,46.0,manufacture,HR,0,1,0,0,3.0,4.1,6.4,5.6,5.2,1,0,Siemens
797,3.449691992,0,1,30.0,IT,HR,0,0,0,0,6.2,7.6,3.3,6.3,7.5,1,0,Marktel
798,11.03901437,1,1,37.0,Retail,HR,0,0,0,0,7.0,6.2,3.3,5.6,9.0,0,1,Zooplus ag
799,9.034907598,0,1,30.0,IT,HR,1,0,0,0,5.4,3.4,3.3,8.7,8.3,1,0,Canon nederland n.v.
800,9.034907598,0,1,30.0,IT,HR,1,0,0,0,6.2,6.2,7.2,3.3,3.7,1,0,Teoresi s.p.a
801,24.83778234,0,1,34.0,IT,HR,0,0,0,0,5.4,4.1,3.3,7.9,7.5,1,0,Giesecke & devrient
802,5.519507187,0,1,23.0,Retail,HR,1,1,0,0,4.6,6.9,5.7,4.8,9.0,1,0,General optica
803,32.26283368,1,1,35.0,manufacture,HR,0,0,0,0,5.4,4.1,4.1,7.1,7.5,0,1,Groupe delta dore
804,52.66529774,1,1,42.0,manufacture,HR,0,0,0,0,7.8,5.5,8.7,4.8,6.0,1,0,Simon
805,4.041067762,0,1,41.0,manufacture,HR,0,0,0,0,3.0,3.4,7.2,5.6,5.2,1,0,"Mettler-toledo international, inc"
806,30.78439425,0,1,41.0,Agriculture,HR,0,0,0,0,7.8,2.6,4.1,6.3,4.4,0,1,Syngenta
807,4.960985626,0,1,42.0,IT,HR,1,0,0,0,7.8,5.5,2.6,6.3,8.3,1,0,Giesecke & devrient
808,4.960985626,0,1,42.0,IT,HR,1,0,0,0,8.6,5.5,3.3,6.3,7.5,1,0,Marktel
809,4.960985626,0,1,42.0,IT,HR,1,0,0,0,7.0,6.9,4.1,5.6,7.5,1,0,Giesecke & devrient
810,39.26078029,1,1,37.0,Retail,HR,0,1,0,0,6.2,6.9,4.1,6.3,8.3,0,1,Caprabo
811,39.26078029,1,1,37.0,Retail,HR,0,1,0,0,3.8,9.1,4.9,5.6,7.5,0,1,Coin
812,38.70225873,0,1,33.0,Retail,HR,1,0,0,0,5.4,4.1,6.4,5.6,6.7,0,1,Caprabo
813,2.036960986,1,1,48.0,PowerGeneration,HR,0,1,0,0,6.2,4.8,5.7,8.7,7.5,1,0,Sma solar technology ag
814,105.1663244,0,1,34.0,Retail,Accounting,0,1,0,0,4.6,3.4,8.0,5.6,5.2,0,1,Edeka aktiengesellschaft
815,7.162217659,0,1,23.0,Consult,etc,1,0,0,1,4.6,7.6,4.9,5.6,5.2,0,0,Soges s.p.a.
816,13.10882957,1,1,21.0,PowerGeneration,HR,1,1,1,0,3.8,6.9,8.7,4.0,6.7,1,0,Mbp group
817,8.410677618,0,0,24.0,IT,IT,0,0,0,0,3.8,4.1,4.1,8.7,6.0,1,0,Canon nederland n.v.
818,3.876796715,0,1,21.0,IT,HR,0,0,0,0,7.0,4.8,4.1,5.6,8.3,1,0,Linkbynet
819,12.25462012,0,1,38.0,Consult,HR,1,1,0,0,2.2,8.4,7.2,3.3,5.2,1,0,Vertone
820,37.9137577,0,1,34.0,Telecom,HR,1,1,0,0,3.0,6.2,8.7,5.6,7.5,1,0,Netcologne
821,32.88706366,0,1,27.0,Pharma,HR,1,0,0,0,3.0,5.5,10.0,6.3,4.4,1,0,Cromsource
822,3.58110883,0,1,32.0,Retail,Sales,0,0,0,0,7.0,4.1,8.7,3.3,1.0,0,1,Edeka aktiengesellschaft
823,43.8275154,1,1,27.0,etc,HR,1,1,0,0,5.4,6.2,5.7,5.6,6.7,1,0,Teatro real
824,22.37371663,1,1,31.0,IT,IT,1,0,0,0,5.4,5.5,7.2,4.8,5.2,1,0,Giesecke & devrient
825,4.073921971,1,1,26.0,Retail,Sales,1,1,1,0,5.4,7.6,2.6,4.8,9.0,1,0,Coin
826,12.32032854,0,0,28.0,IT,IT,0,0,0,1,2.2,5.5,8.7,5.6,6.0,0,0,Canon nederland n.v.
827,17.18275154,1,1,24.0,Retail,HR,1,1,0,0,6.2,4.8,7.2,4.0,6.7,1,0,Action
828,49.80698152,0,0,34.0,manufacture,HR,0,0,0,0,5.4,4.1,8.0,7.1,8.3,0,1,Imtech
829,49.80698152,0,0,34.0,manufacture,HR,0,0,0,0,3.0,5.5,7.2,7.9,6.0,0,1,Groupe delta dore
830,85.48665298,0,1,22.0,Retail,Commercial,0,1,0,0,7.0,5.5,6.4,4.8,2.9,1,0,Coop
831,30.35728953,0,1,30.0,transport,HR,0,0,0,0,3.8,3.4,7.2,7.9,2.9,1,0,Systra
832,78.32443532,0,1,27.0,Consult,Consult,0,0,0,0,6.2,3.4,5.7,4.8,8.3,1,0,Ebbinge
833,24.24640657,0,1,30.0,State,HR,1,1,0,0,5.4,9.8,3.3,5.6,6.7,1,0,Ayuntamiento de malaga
834,24.08213552,1,1,42.0,transport,HR,0,0,0,0,5.4,4.8,4.1,4.8,6.0,1,0,Sbb cargo
835,0.689938398,0,1,24.0,Mining,HR,0,1,0,0,4.6,7.6,7.2,2.5,3.7,1,0,Dunlop conveyor belting
836,9.429158111,0,0,36.0,PowerGeneration,HR,0,0,0,0,7.0,4.8,4.1,4.0,4.4,1,0,Sma solar technology ag
837,15.01437372,0,1,30.0,IT,HR,0,0,0,0,9.4,4.1,3.3,5.6,7.5,0,1,Marktel
838,59.40041068,0,1,24.0,Retail,HR,1,1,0,0,8.6,4.1,4.9,7.9,5.2,1,0,Tape à l'oeil
839,91.99178645,1,1,39.0,Banks,HR,0,0,0,0,5.4,9.1,3.3,2.5,8.3,0,1,Banco santander
840,11.8275154,0,0,35.0,State,HR,0,1,0,0,3.8,4.8,7.2,5.6,6.7,1,0,Comune di modena
841,19.1211499,0,0,39.0,Retail,IT,1,1,0,0,7.8,3.4,3.3,7.1,6.7,0,1,Coin
842,20.89527721,0,0,27.0,Consult,HR,1,0,0,0,3.0,4.8,6.4,7.1,7.5,1,0,Ebbinge
843,81.24845996,0,1,27.0,Mining,HR,0,0,0,0,3.0,5.5,7.2,4.8,6.7,1,0,Dunlop conveyor belting
844,23.03080082,0,1,24.0,Retail,HR,1,1,0,0,5.4,4.8,4.9,7.1,6.7,1,0,Global intergold
845,23.03080082,0,1,24.0,Retail,HR,1,1,0,0,4.6,1.9,8.0,6.3,6.0,1,0,Zooplus ag
846,53.48665298,1,0,41.0,IT,Consult,0,0,0,0,3.8,3.4,8.0,7.9,6.0,1,0,Teoresi s.p.a
847,55.22792608,0,1,28.0,IT,HR,1,0,0,0,8.6,4.8,1.0,6.3,8.3,0,1,Teoresi s.p.a
848,89.00205339,1,0,32.0,Retail,Commercial,0,0,1,0,3.8,3.4,8.7,7.9,4.4,0,1,Global intergold
849,4.993839836,0,1,31.0,manufacture,HR,0,1,0,0,7.8,5.5,3.3,5.6,8.3,1,0,Carel
850,9.790554415,1,1,41.0,Retail,HR,0,1,0,0,3.0,6.9,6.4,4.8,6.0,1,0,General optica
851,9.790554415,1,1,41.0,Retail,HR,0,1,0,0,2.2,6.9,8.0,6.3,3.7,1,0,Intertoys
852,9.790554415,1,1,41.0,Retail,HR,0,1,0,0,3.0,6.9,7.2,4.8,5.2,1,0,General optica
853,11.26899384,0,1,43.0,manufacture,HR,0,0,0,0,5.4,4.8,5.7,6.3,6.7,0,1,Imtech
854,58.80903491,1,1,32.0,transport,PR,0,1,0,0,4.6,2.6,6.4,4.8,4.4,0,1,Systra
855,24.27926078,0,0,45.0,manufacture,HR,0,0,0,0,6.2,3.4,7.2,6.3,3.7,0,1,Imtech
856,24.27926078,0,0,45.0,manufacture,HR,0,0,0,0,7.0,5.5,5.7,6.3,6.0,0,1,Simon
857,73.3963039,0,1,43.0,IT,HR,0,0,0,0,7.8,6.2,4.1,4.0,8.3,1,0,Teoresi s.p.a
858,2.102669405,0,1,38.0,Retail,HR,0,0,1,0,8.6,5.5,4.1,5.6,6.7,0,1,Coop
859,2.102669405,0,1,38.0,Retail,HR,0,0,1,0,8.6,3.4,4.1,7.1,6.0,0,1,Coin
860,2.102669405,0,1,38.0,Retail,HR,0,0,1,0,7.8,4.1,4.1,7.1,6.7,0,1,Tape à l'oeil
861,8.772073922,0,1,46.0,etc,HR,0,1,0,0,6.2,4.8,7.2,5.6,6.7,1,0,Uefa
862,86.04517454,0,1,35.0,etc,HR,0,1,0,0,3.0,7.6,7.2,4.8,2.9,0,1,Teatro alla scala
863,19.44969199,0,0,38.0,manufacture,HR,0,0,0,1,6.2,4.1,6.4,6.3,5.2,0,0,Groupe delta dore
864,19.44969199,0,0,38.0,manufacture,HR,0,0,0,1,8.6,2.6,7.2,4.8,4.4,0,0,Siemens
865,20.59958932,1,1,26.0,manufacture,HR,0,0,0,0,3.0,4.8,7.2,7.9,5.2,0,1,Groupe delta dore
866,20.59958932,1,1,26.0,manufacture,HR,0,0,0,0,3.0,5.5,5.7,7.1,5.2,0,1,Imtech
867,7.852156057,0,1,27.0,Telecom,HR,0,1,0,0,7.0,4.8,4.1,4.8,7.5,1,0,Vodafoneziggo
868,7.852156057,0,1,27.0,Telecom,HR,0,1,0,0,5.4,6.9,8.0,4.8,6.0,1,0,Netcologne
869,21.65092402,0,1,43.0,Building,HR,0,0,0,0,6.2,6.2,4.1,5.6,6.7,1,0,Xervon gmbh
870,20.76386037,0,0,26.0,Telecom,HR,1,1,0,0,3.0,6.9,4.9,4.8,7.5,1,0,Vodafoneziggo
871,33.97125257,0,1,25.0,Banks,HR,1,1,0,0,7.0,6.2,3.3,3.3,3.7,1,0,Unicredit
872,99.77823409,0,1,26.0,transport,HR,1,1,0,0,5.4,2.6,7.2,7.1,5.2,1,0,Sbb cargo
873,99.77823409,0,1,26.0,transport,HR,1,1,0,0,5.4,4.1,8.7,4.8,2.9,1,0,Sbb cargo
874,60.78028747,0,1,33.0,PowerGeneration,HR,1,1,0,0,7.8,6.2,6.4,7.9,6.0,0,1,Sma solar technology ag
875,60.78028747,0,1,33.0,PowerGeneration,HR,1,1,0,0,3.8,3.4,5.7,8.7,7.5,0,1,Sma solar technology ag
876,51.58110883,0,1,38.0,manufacture,HR,0,0,0,0,3.8,6.9,4.9,4.8,6.0,0,1,Simon
877,5.585215606,0,1,32.0,IT,HR,1,0,0,0,6.2,3.4,8.0,3.3,3.7,1,0,Canon nederland n.v.
878,6.866529774,0,1,45.0,etc,HR,0,1,0,0,4.6,4.8,8.7,4.8,6.0,0,1,Teatro real
879,23.9835729,0,0,32.0,Retail,HR,0,1,0,0,7.8,2.6,5.7,8.7,5.2,1,0,Caprabo
880,9.691991786,0,1,35.0,RealEstate,HR,0,0,0,0,7.8,3.4,5.7,4.0,6.0,0,1,Metrovacesa
881,73.29774127,1,1,24.0,Retail,HR,1,1,0,0,5.4,8.4,4.1,4.8,6.0,1,0,Lidl italia
882,73.29774127,1,1,24.0,Retail,HR,1,1,0,0,7.8,5.5,4.1,4.8,5.2,1,0,Caprabo
883,34.56262834,1,0,31.0,Retail,BusinessDevelopment,1,0,0,0,9.4,4.8,4.1,7.1,5.2,0,1,Lidl italia
884,34.56262834,1,0,31.0,Retail,BusinessDevelopment,1,0,0,0,7.8,4.8,3.3,7.1,5.2,0,1,Action
885,42.90759754,0,1,24.0,Banks,HR,1,1,0,0,6.2,6.2,4.1,4.8,6.0,1,0,Ing
886,70.93223819,0,0,26.0,Pharma,HR,1,1,0,0,4.6,4.1,5.7,8.7,5.2,1,0,Cromsource
887,5.35523614,0,1,34.0,Retail,HR,0,1,0,0,6.2,5.5,6.4,7.1,6.0,0,1,General optica
888,43.17043121,0,1,42.0,Mining,HR,0,0,0,0,4.6,6.2,7.2,6.3,6.0,1,0,Dunlop conveyor belting
889,11.72895277,0,1,27.0,PowerGeneration,Finanñe,1,0,0,0,6.2,3.4,6.4,7.1,6.7,1,0,Sma solar technology ag
890,4.468172485,0,1,35.0,manufacture,HR,0,0,0,0,7.0,4.1,6.4,6.3,6.7,0,1,Groupe delta dore
891,55.12936345,0,1,37.0,Consult,HR,0,0,0,0,6.2,6.2,2.6,4.8,8.3,1,0,Soges s.p.a.
892,55.12936345,0,1,37.0,Consult,HR,0,0,0,0,5.4,7.6,4.9,2.5,6.7,1,0,Ebbinge
893,0.887063655,0,1,30.0,IT,HR,0,0,1,0,10.0,3.4,3.3,4.0,7.5,1,0,Canon nederland n.v.
894,13.8973306,1,1,27.0,Retail,HR,0,0,0,0,8.6,4.8,7.2,4.0,3.7,0,1,Action
895,49.70841889,0,0,26.0,Mining,HR,1,0,0,0,7.0,3.4,4.9,7.9,9.0,0,1,Dunlop conveyor belting
896,7.12936345,0,1,27.0,IT,HR,0,0,0,0,7.0,6.2,4.1,4.8,8.3,1,0,Canon nederland n.v.
897,2.792607803,1,1,23.0,Building,HR,0,1,0,0,7.0,5.5,4.1,5.6,8.3,1,0,Xervon gmbh
898,9.067761807,0,1,54.0,etc,HR,0,0,0,0,4.6,8.4,5.7,4.0,4.4,0,1,Teatro alla scala
899,113.8398357,0,1,21.0,Retail,HR,1,1,0,0,2.2,4.8,8.7,7.9,5.2,1,0,Coop
900,113.8398357,0,1,21.0,Retail,HR,1,1,0,0,3.8,3.4,8.7,7.1,3.7,1,0,Sarenza
901,66.69404517,0,1,32.0,Telecom,HR,0,0,0,0,7.8,4.8,2.6,8.7,7.5,0,1,Netcologne
902,66.69404517,0,1,32.0,Telecom,HR,0,0,0,0,8.6,4.1,1.8,8.7,8.3,0,1,Netcologne
903,92.64887064,0,1,25.0,manufacture,HR,1,1,0,1,4.6,7.6,9.5,2.5,1.3,0,0,Siemens
904,92.64887064,0,1,25.0,manufacture,HR,1,1,0,1,5.4,5.5,7.2,5.6,2.9,0,0,Siemens
905,57.69199179,0,1,28.0,Retail,HR,0,1,0,0,5.4,5.5,6.4,2.5,4.4,0,1,Intertoys
906,3.811088296,0,1,33.0,Retail,HR,0,0,0,0,1.4,6.9,8.0,6.3,5.2,1,0,Intertoys
907,106.2176591,0,1,23.0,Retail,HR,0,0,0,0,5.4,5.5,5.7,4.8,9.8,1,0,Caprabo
908,19.51540041,0,1,31.0,Retail,HR,1,1,0,0,5.4,7.6,6.4,4.8,6.0,1,0,Coin
909,19.51540041,0,1,31.0,Retail,HR,1,1,0,0,6.2,6.2,6.4,4.0,6.0,1,0,Coin
910,15.11293634,1,1,23.0,Retail,HR,0,1,0,0,7.8,4.8,3.3,6.3,7.5,0,1,Action
911,22.24229979,0,1,46.0,IT,HR,1,1,0,0,3.0,6.9,6.4,5.6,6.0,1,0,Teoresi s.p.a
912,22.24229979,0,1,46.0,IT,HR,1,1,0,0,7.0,6.2,5.7,4.8,4.4,1,0,Sita
913,26.80903491,1,1,34.0,Banks,HR,0,1,0,0,1.4,6.9,8.0,4.0,5.2,1,0,Unicredit
914,5.749486653,0,1,26.0,Retail,Commercial,1,1,0,0,3.8,4.8,7.2,5.6,4.4,1,0,Zooplus ag
915,10.11909651,0,1,30.0,RealEstate,HR,0,0,1,0,7.8,4.8,3.3,5.6,6.7,0,1,Metrovacesa
916,10.11909651,0,1,30.0,RealEstate,HR,0,0,1,0,10.0,4.1,1.8,6.3,8.3,0,1,Metrovacesa
917,52.00821355,0,1,29.0,Retail,HR,1,1,0,0,6.2,6.9,8.7,3.3,2.9,1,0,Lidl italia
918,105.8234086,0,1,32.0,IT,HR,0,1,0,0,4.6,7.6,4.1,4.8,6.0,1,0,Sita
919,3.482546201,0,0,37.0,IT,IT,0,0,0,1,4.6,6.2,4.9,6.3,4.4,0,0,Linkbynet
920,7.523613963,0,1,39.0,etc,HR,0,0,0,0,7.0,4.8,6.4,5.6,5.2,1,0,Uefa
921,16.06570842,0,1,50.0,Building,HR,0,0,0,0,6.2,6.2,6.4,3.3,6.7,1,0,Bsk
922,43.26899384,0,1,51.0,Consult,HR,0,0,0,0,3.8,7.6,5.7,6.3,5.2,1,0,Vertone
923,20.89527721,0,1,33.0,IT,HR,1,1,0,0,3.8,6.2,6.4,4.8,6.7,1,0,Giesecke & devrient
924,1.18275154,0,1,25.0,Retail,PR,1,1,0,0,7.0,9.1,1.8,4.8,6.0,1,0,Zooplus ag
925,132.8952772,0,1,32.0,manufacture,HR,0,0,0,0,3.8,5.5,8.7,3.3,3.7,1,0,"Mettler-toledo international, inc"
926,132.8952772,0,1,32.0,manufacture,HR,0,0,0,0,3.0,6.9,6.4,3.3,2.9,1,0,Siemens
927,93.8973306,0,0,23.0,manufacture,IT,0,0,0,0,5.4,4.8,5.7,6.3,5.2,1,0,Carel
928,21.88090349,0,1,38.0,manufacture,HR,0,1,0,1,7.0,1.9,9.5,5.6,6.0,0,0,Siemens
929,21.88090349,0,1,38.0,manufacture,HR,0,1,0,1,6.2,2.6,8.7,6.3,6.0,0,0,Imtech
930,21.88090349,0,1,38.0,manufacture,HR,0,1,0,1,5.4,2.6,10.0,3.3,3.7,0,0,"Mettler-toledo international, inc"
931,21.88090349,0,1,38.0,manufacture,HR,0,1,0,1,4.6,5.5,10.0,2.5,5.2,0,0,Groupe delta dore
932,11.92607803,0,1,27.0,Retail,HR,1,0,1,0,7.0,4.8,6.4,4.8,7.5,1,0,General optica
933,3.416837782,1,1,39.0,Building,HR,0,0,1,0,8.6,4.8,3.3,4.0,6.7,1,0,Xervon gmbh
934,58.94045175,0,1,29.0,etc,HR,1,1,0,0,6.2,7.6,4.1,4.0,8.3,1,0,Mcfit global group gmbh
935,23.55646817,0,1,31.0,Consult,HR,0,0,1,0,7.0,6.9,1.8,6.3,10.0,0,1,Soges s.p.a.
936,16.62422998,0,1,32.0,Banks,HR,0,0,1,0,6.2,2.6,2.6,10.0,7.5,1,0,Banco santander
937,4.501026694,0,0,24.0,Consult,HR,1,0,0,0,6.2,4.8,6.4,7.1,7.5,1,0,Soges s.p.a.
938,36.73100616,0,1,24.0,PowerGeneration,HR,1,1,0,0,4.6,6.9,7.2,5.6,4.4,1,0,Sma solar technology ag
939,36.73100616,0,1,24.0,PowerGeneration,HR,1,1,0,0,6.2,4.8,4.9,4.8,3.7,1,0,Sma solar technology ag
940,72.57494867,0,0,26.0,IT,IT,1,1,0,0,4.6,4.1,6.4,4.8,4.4,1,0,Linkbynet
941,52.10677618,0,1,30.0,Retail,Sales,1,1,0,0,6.2,4.8,5.7,5.6,8.3,1,0,Global intergold
942,13.5687885,1,1,33.0,manufacture,HR,0,0,0,0,6.2,4.8,2.6,5.6,6.7,0,1,Carel
943,6.176591376,1,1,34.0,Retail,HR,0,1,0,0,3.8,7.6,8.7,4.0,4.4,1,0,Sarenza
944,60.25462012,1,1,22.0,Building,HR,1,1,0,0,6.2,7.6,6.4,2.5,4.4,0,1,Xervon gmbh
945,3.482546201,0,1,28.0,manufacture,HR,0,0,0,0,3.8,6.2,6.4,5.6,3.7,1,0,"Mettler-toledo international, inc"
946,7.852156057,0,1,41.0,Retail,HR,0,0,0,0,1.4,4.8,8.7,5.6,2.1,1,0,Caprabo
947,7.852156057,0,1,41.0,Retail,HR,0,0,0,0,3.0,8.4,8.0,3.3,2.1,1,0,Action
948,1.80698152,1,0,27.0,Retail,Sales,0,0,0,0,3.0,4.1,9.5,7.1,5.2,1,0,Lidl italia
949,1.445585216,0,1,29.0,IT,HR,1,0,0,0,6.2,6.2,4.9,5.6,6.0,1,0,Giesecke & devrient
950,72.67351129,0,1,35.0,etc,HR,0,0,0,0,4.6,4.8,8.0,6.3,4.4,0,1,Teatro alla scala
951,60.94455852,1,1,25.0,IT,HR,0,0,0,0,5.4,4.8,6.4,6.3,7.5,0,1,Canon nederland n.v.
952,44.94455852,0,0,33.0,Retail,HR,1,1,0,0,2.2,7.6,6.4,4.8,7.5,1,0,Action
953,90.51334702,1,1,22.0,IT,HR,1,1,0,0,3.0,5.5,9.5,6.3,3.7,1,0,Sita
954,6.439425051,1,0,24.0,manufacture,Marketing,1,0,0,0,7.8,5.5,1.8,6.3,6.7,0,1,Siemens
955,9.330595483,0,1,23.0,Banks,HR,1,1,0,0,3.8,6.2,6.4,7.1,5.2,1,0,Banco santander
956,7.195071869,0,0,27.0,IT,HR,0,1,1,0,7.8,4.8,3.3,6.3,6.7,1,0,Giesecke & devrient
957,24.27926078,0,0,27.0,transport,HR,0,1,0,0,3.0,7.6,8.7,3.3,2.9,1,0,Sbb cargo
958,44.55030801,0,1,30.0,manufacture,HR,0,1,0,0,7.0,5.5,4.1,5.6,6.7,0,1,Imtech
959,16.0,1,1,26.0, HoReCa,HR,0,0,0,0,6.2,2.6,4.9,7.9,6.0,1,0,Buffalo grill
960,166.0780287,1,0,30.0,Banks,Finanñe,1,0,0,0,3.8,4.8,9.5,4.0,2.1,0,1,Société générale
961,51.74537988,0,0,32.0,etc,HR,0,1,0,0,5.4,9.1,4.9,3.3,6.7,1,0,Mcfit global group gmbh
962,59.76180698,0,1,38.0,Banks,HR,1,0,0,0,3.8,6.9,4.1,5.6,3.7,0,1,Société générale
963,30.12731006,0,1,34.0,manufacture,HR,1,0,0,0,4.6,5.5,7.2,4.8,6.0,1,0,Imtech
964,12.32032854,0,1,26.0,Retail,HR,0,0,0,0,6.2,2.6,8.0,6.3,7.5,0,1,Coop
965,89.36344969,1,1,22.0,PowerGeneration,HR,0,0,0,0,7.0,4.8,4.9,6.3,7.5,1,0,Sma solar technology ag
966,74.05338809,1,1,21.0,manufacture,Finanñe,1,1,0,0,5.4,4.1,6.4,6.3,7.5,0,1,Siemens
967,45.07597536,0,1,28.0,IT,HR,0,1,0,0,6.2,6.9,1.8,5.6,7.5,1,0,Teoresi s.p.a
968,5.749486653,0,0,32.0,manufacture,HR,0,0,0,0,2.2,4.1,5.7,8.7,6.0,1,0,"Mettler-toledo international, inc"
969,20.96098563,1,1,24.0,Retail,Commercial,1,0,0,0,4.6,7.6,7.2,3.3,6.7,1,0,Zooplus ag
970,21.15811088,0,0,49.0,Retail,Finanñe,0,0,0,0,7.0,4.8,4.9,7.1,6.0,1,0,Action
971,19.94250513,1,1,23.0,manufacture,Commercial,1,1,0,0,6.2,3.4,6.4,7.1,2.9,1,0,"Mettler-toledo international, inc"
972,29.24024641,1,1,42.0,Retail,HR,0,0,1,0,3.8,5.5,5.7,4.8,3.7,1,0,Coop
973,19.35112936,0,1,45.0,Retail,HR,0,1,0,1,3.8,6.9,8.0,6.3,5.2,0,0,General optica
974,112.788501,0,0,23.0,Retail,HR,0,1,0,0,4.6,1.9,7.2,5.6,7.5,0,1,Edeka aktiengesellschaft
975,48.62422998,0,1,40.0,manufacture,HR,1,0,0,0,6.2,6.2,6.4,5.6,5.2,1,0,"Mettler-toledo international, inc"
976,103.5893224,0,1,25.0,Retail,HR,0,0,0,0,7.8,3.4,5.7,5.6,8.3,1,0,General optica
977,52.79671458,0,1,29.0,Retail,HR,1,1,0,0,6.2,6.9,8.7,3.3,2.9,1,0,Coop
978,33.67556468,0,0,42.0,manufacture,Engineer,0,0,0,0,1.4,4.1,9.5,7.1,5.2,0,1,Groupe delta dore
979,65.3798768,0,0,32.0,etc,HR,0,1,0,0,5.4,5.5,4.9,8.7,7.5,0,1,Uefa
980,50.0698152,0,1,37.0,Telecom,HR,0,1,0,0,3.8,8.4,4.9,4.0,8.3,1,0,Netcologne
981,31.34291581,0,1,22.0,Consult,HR,1,1,0,1,6.2,4.1,8.0,4.0,1.3,0,0,Ebbinge
982,31.34291581,0,1,22.0,Consult,HR,1,1,0,1,4.6,4.1,9.5,6.3,1.3,0,0,Vertone
983,142.75154,0,0,27.0,Retail,Sales,0,0,0,0,3.8,6.2,4.1,7.9,5.2,0,1,Coop
984,4.1724846,0,1,28.0,etc,HR,0,0,0,0,3.8,6.2,6.4,5.6,3.7,1,0,Teatro alla scala
985,49.47843943,0,0,31.0,Retail,Consult,0,1,0,0,5.4,4.8,2.6,8.7,9.8,1,0,General optica
986,2.135523614,0,0,38.0,manufacture,HR,0,1,0,0,5.4,4.1,8.0,7.1,8.3,0,1,Groupe delta dore
987,2.135523614,0,0,38.0,manufacture,HR,0,1,0,0,3.0,5.5,7.2,7.9,6.0,0,1,Siemens
988,75.8275154,0,1,23.0,Telecom,HR,1,1,0,0,2.2,6.2,8.7,4.0,2.1,1,0,Netcologne
989,67.4825462,0,1,36.0,Retail,HR,0,1,0,0,4.6,6.9,3.3,6.3,9.0,1,0,Lidl italia
990,9.133470226,0,1,22.0,IT,HR,1,0,0,0,7.8,8.4,2.6,4.0,6.7,1,0,Linkbynet
991,9.133470226,0,1,22.0,IT,HR,1,0,0,0,7.8,7.6,3.3,4.8,6.7,1,0,Canon nederland n.v.
992,33.28131417,0,1,40.0,State,HR,0,1,0,0,3.0,6.9,8.0,4.0,3.7,1,0,Comune di modena
993,32.0,0,1,22.0,IT,IT,1,0,0,1,7.0,3.4,4.9,7.1,6.7,0,0,Canon nederland n.v.
994,53.42094456,0,0,37.0,Mining,Law,0,0,0,0,3.0,4.8,4.1,7.1,7.5,0,1,Dunlop conveyor belting
995,45.5687885,1,1,25.0,Mining,HR,1,1,0,1,7.0,6.2,6.4,4.0,5.2,0,0,Dunlop conveyor belting
996,9.757700205,0,0,37.0,Retail,Sales,1,0,0,0,6.2,4.1,4.9,7.9,6.7,1,0,Zooplus ag
997,14.55441478,0,0,30.0,Telecom,Sales,1,1,1,0,5.4,2.6,3.3,7.9,6.0,0,1,Vodafoneziggo
998,8.837782341,0,1,24.0,Banks,HR,1,1,0,0,4.6,6.2,5.7,6.3,6.7,1,0,Credit suisse
999,12.78028747,1,1,35.0,Consult,Consult,0,1,0,0,5.4,5.5,3.3,4.8,6.7,1,0,Ebbinge
1000,14.48870637,0,0,30.0,Retail,Commercial,0,0,1,0,3.8,4.1,8.7,4.8,5.2,0,1,Coop
1001,14.48870637,0,0,30.0,Retail,Commercial,0,0,1,0,5.4,3.4,9.5,6.3,3.7,0,1,Lidl italia
1002,14.48870637,0,0,30.0,etc,Commercial,0,0,1,0,3.8,4.1,8.7,4.8,5.2,0,1,Teatro real
1003,14.48870637,0,0,30.0,etc,Commercial,0,0,1,0,5.4,3.4,9.5,6.3,3.7,0,1,Mcfit global group gmbh
1004,1.675564682,0,0,36.0,Telecom,HR,1,1,0,0,5.4,4.8,6.4,4.8,6.7,0,1,Netcologne
1005,113.0513347,0,1,30.0,Banks,HR,1,1,0,0,4.6,6.9,4.1,6.3,7.5,0,1,Société générale
1006,48.6899384,0,1,25.0,IT,HR,1,1,0,0,6.2,3.4,7.2,2.5,3.7,1,0,Marktel
1007,48.6899384,0,1,25.0,IT,HR,1,1,0,0,6.2,5.5,7.2,7.1,4.4,1,0,Linkbynet
1008,29.30595483,1,1,25.0,IT,HR,1,1,0,0,6.2,8.4,5.7,4.0,6.0,1,0,Giesecke & devrient
1009,13.10882957,1,1,26.0,Agriculture,HR,0,1,0,0,3.0,3.4,6.4,7.1,6.0,0,1,Syngenta
1010,7.12936345,1,1,21.0,Consult,HR,1,0,0,0,5.4,6.9,7.2,2.5,4.4,1,0,Ebbinge
1011,54.9650924,0,0,22.0,Banks,IT,1,0,0,0,5.4,5.5,6.4,7.9,6.0,1,0,Lbbw
1012,74.74332649,1,1,25.0,Retail,HR,0,0,0,0,4.6,2.6,8.0,4.0,2.9,0,1,Lidl italia
1013,84.89527721,0,1,31.0,IT,HR,0,1,0,0,4.6,3.4,7.2,7.1,4.4,0,1,Teoresi s.p.a
1014,35.94250513,0,0,33.0,Consult,Consult,1,0,0,0,5.4,4.8,2.6,7.9,9.0,1,0,Ebbinge
1015,50.23408624,0,1,38.0,etc,HR,0,0,0,0,7.8,7.6,2.6,5.6,7.5,1,0,Teatro real
1016,57.52772074,0,0,24.0,State,IT,1,0,0,0,6.2,3.4,2.6,7.1,5.2,1,0,Ayuntamiento de malaga
1017,4.76386037,0,0,30.0,Retail,HR,0,0,0,0,7.8,2.6,4.1,8.7,6.7,1,0,Sarenza
1018,30.71868583,0,1,32.0,manufacture,HR,0,0,0,0,4.6,2.6,7.2,6.3,5.2,1,0,"Mettler-toledo international, inc"
1019,55.95071869,0,1,28.0,Mining,HR,1,1,0,0,5.4,4.8,4.9,7.9,5.2,0,1,Dunlop conveyor belting
1020,58.4476386,0,0,24.0,etc,Marketing,1,1,0,0,6.2,5.5,3.3,7.9,6.7,1,0,Mcfit global group gmbh
1021,38.89938398,0,0,36.0,manufacture,manage,0,0,0,0,4.6,4.8,4.1,7.1,10.0,0,1,Carel
1022,9.49486653,0,1,26.0,IT,IT,0,0,0,1,6.2,5.5,5.7,6.3,5.2,0,0,Giesecke & devrient
1023,42.57905544,0,1,26.0,Banks,HR,0,1,0,0,6.2,6.2,5.7,5.6,7.5,0,1,Credit suisse
1024,42.57905544,0,1,26.0,Banks,HR,0,1,0,0,6.2,7.6,4.1,4.8,9.0,0,1,Société générale
1025,114.8583162,1,1,26.0,Retail,HR,0,1,0,0,7.0,5.5,4.9,4.8,7.5,1,0,Zooplus ag
1026,18.7926078,0,0,30.0,Banks,Marketing,0,0,0,0,7.0,2.6,4.1,8.7,9.0,1,0,Société générale
1027,10.51334702,0,0,37.0,Retail,Sales,1,0,0,0,6.2,4.1,4.9,7.9,6.7,1,0,Sarenza
1028,51.08829569,1,1,31.0,PowerGeneration,HR,0,1,0,0,6.2,2.6,4.9,6.3,6.7,1,0,Sma solar technology ag
1029,40.47638604,0,0,26.0,transport,etc,1,0,0,0,6.2,3.4,5.7,6.3,7.5,1,0,Sbb cargo
1030,5.420944559,1,0,44.0,manufacture,BusinessDevelopment,0,0,0,0,3.0,6.2,10.0,4.0,3.7,0,1,"Mettler-toledo international, inc"
1031,71.22792608,1,1,23.0,Consult,HR,0,1,0,0,3.8,4.1,8.0,7.9,5.2,1,0,Ebbinge
1032,15.34291581,0,0,33.0,PowerGeneration,manage,0,0,0,0,4.6,6.2,9.5,5.6,4.4,1,0,Mbp group
1033,21.48665298,0,1,31.0,State,etc,0,1,0,1,9.4,5.5,3.3,3.3,5.2,0,0,Ayuntamiento de malaga
1034,12.32032854,0,0,36.0,manufacture,HR,0,0,0,0,7.0,4.8,4.1,4.0,4.4,1,0,Siemens
1035,3.252566735,1,1,39.0,manufacture,HR,0,0,0,0,2.2,9.8,7.2,3.3,2.1,1,0,Simon
1036,11.79466119,0,1,29.0,Retail,HR,1,1,0,0,4.6,4.1,8.7,4.8,4.4,1,0,General optica
1037,108.8788501,1,1,32.0,Banks,HR,0,0,0,0,7.8,7.6,4.1,1.7,5.2,1,0,Unicredit
1038,21.88090349,0,1,41.0,Retail,HR,0,0,1,0,7.8,7.6,4.1,1.7,5.2,0,1,Caprabo
1039,37.32238193,0,0,25.0,etc,etc,1,0,0,0,4.6,5.5,8.7,4.0,3.7,0,1,Uefa
1040,23.95071869,1,0,34.0,Banks,BusinessDevelopment,0,0,0,0,9.4,4.8,4.1,7.1,5.2,1,0,Ing
1041,23.95071869,1,0,34.0,Banks,BusinessDevelopment,0,0,0,0,7.8,4.8,3.3,7.1,5.2,1,0,Unicredit
1042,51.31827515,0,1,43.0,Pharma,HR,0,1,0,0,4.6,5.5,3.3,7.9,7.5,0,1,Cromsource
1043,15.60574949,0,0,54.0,Retail,Sales,1,0,0,0,7.8,2.6,4.9,8.7,7.5,1,0,Coin
1044,1.149897331,0,0,30.0,IT,Sales,0,1,0,1,7.8,3.4,1.8,7.1,7.5,0,0,Teoresi s.p.a
1045,51.8110883,0,1,23.0,etc,HR,1,1,0,0,7.0,8.4,4.9,3.3,6.7,1,0,Uefa
1046,61.79876797,1,0,22.0,IT,IT,0,0,0,0,3.8,7.6,4.9,5.6,6.0,1,0,Canon nederland n.v.
1047,45.43737166,0,1,35.0,etc,HR,0,1,0,0,6.2,5.5,4.9,6.3,6.0,1,0,Teatro real
1048,17.24845996,0,1,37.0,Building,HR,0,0,0,0,6.2,2.6,7.2,7.1,2.9,1,0,Bsk
1049,25.98767967,0,0,23.0,Consult,Marketing,1,0,0,1,6.2,6.2,7.2,4.8,5.2,0,0,Vertone
1050,19.05544148,0,1,26.0,IT,HR,1,0,1,0,3.8,3.4,8.7,7.1,6.0,1,0,Teoresi s.p.a
1051,29.70020534,0,0,47.0,IT,Consult,0,0,0,0,1.4,5.5,6.4,10.0,5.2,1,0,Sita
1052,29.70020534,0,0,47.0,IT,Consult,0,0,0,0,2.2,5.5,7.2,9.4,6.0,1,0,Teoresi s.p.a
1053,59.86036961,1,1,27.0,Retail,HR,1,1,0,0,6.2,6.9,4.1,5.6,6.0,0,1,Global intergold
1054,51.84394251,0,1,34.0,IT,BusinessDevelopment,1,0,0,0,4.6,4.1,4.9,9.4,6.7,0,1,Linkbynet
1055,58.97330595,0,0,25.0,Retail,etc,0,1,0,0,4.6,4.8,6.4,7.9,6.7,1,0,Sarenza
1056,85.48665298,0,0,29.0,Retail,Finanñe,1,0,0,0,3.8,2.6,9.5,7.1,2.1,1,0,Lidl italia
1057,118.899384,1,1,31.0,Telecom,HR,0,0,0,0,9.4,8.4,3.3,3.3,8.3,1,0,Vodafoneziggo
1058,32.32854209,1,1,31.0,transport,HR,0,0,0,0,7.0,4.8,6.4,2.5,4.4,1,0,Systra
1059,38.86652977,1,1,32.0,manufacture,HR,0,0,0,0,5.4,4.8,7.2,4.0,8.3,0,1,Groupe delta dore
1060,56.77207392,1,1,36.0,etc,HR,0,0,0,0,4.6,4.1,6.4,7.1,2.1,1,0,Teatro real
1061,56.77207392,1,1,36.0,etc,HR,0,0,0,0,5.4,3.4,6.4,4.8,2.9,1,0,Uefa
1062,9.691991786,0,1,34.0,Retail,HR,1,1,1,0,4.6,4.8,4.1,7.1,9.0,0,1,Coin
1063,7.950718686,0,1,39.0,manufacture,HR,0,0,0,0,7.8,4.1,2.6,7.9,6.7,1,0,Groupe delta dore
1064,8.87063655,1,1,38.0,Building,HR,1,1,1,0,3.8,4.1,5.7,4.8,9.0,1,0,Xervon gmbh
1065,8.27926078,1,0,29.0,Retail,Sales,1,0,0,0,8.6,4.8,2.6,8.7,7.5,1,0,Action
1066,8.772073922,0,1,32.0,Retail,HR,0,0,1,0,6.2,4.8,5.7,4.0,7.5,0,1,Coop
1067,3.121149897,0,1,32.0,IT,IT,1,0,0,0,9.4,6.2,4.1,4.8,7.5,0,1,Canon nederland n.v.
1068,3.121149897,0,1,32.0,IT,IT,1,0,0,0,7.0,6.2,5.7,4.8,5.2,0,1,Linkbynet
1069,33.01848049,0,1,23.0,etc,etc,0,1,0,0,5.4,6.2,7.2,3.3,2.1,1,0,Mcfit global group gmbh
1070,5.815195072,1,1,25.0,Retail,manage,0,0,0,0,4.6,5.5,6.4,5.6,7.5,1,0,General optica
1071,5.256673511,1,0,34.0,IT,Sales,0,0,0,0,3.0,6.2,8.0,4.8,2.9,0,1,Linkbynet
1072,19.18685832,0,1,43.0,Consult,Consult,1,0,0,1,6.2,5.5,3.3,7.9,9.0,0,0,Vertone
1073,8.180698152,0,0,30.0,IT,IT,1,0,0,0,3.8,5.5,2.6,9.4,3.7,0,1,Teoresi s.p.a
1074,27.86036961,0,1,31.0,manufacture,HR,1,1,0,0,9.4,5.5,2.6,4.8,5.2,0,1,Siemens
1075,3.318275154,0,1,25.0,Banks,HR,1,0,0,0,7.0,2.6,4.9,7.9,5.2,0,1,Ing
1076,11.72895277,0,1,22.0,Consult,manage,1,0,0,0,7.0,4.8,5.7,7.1,7.5,1,0,Soges s.p.a.
1077,27.56468172,0,0,41.0,Agriculture,etc,0,1,0,0,3.8,6.9,2.6,7.1,6.7,0,1,Syngenta
1078,36.33675565,0,1,32.0,manufacture,HR,0,0,0,0,7.0,9.1,3.3,2.5,6.0,1,0,Imtech
1079,78.91581109,1,0,21.0,Retail,manage,0,1,1,1,4.6,6.9,4.9,7.1,6.0,0,0,Edeka aktiengesellschaft
1080,23.45790554,0,1,29.0,etc,HR,0,1,0,0,6.2,9.1,4.1,3.3,6.7,0,1,Mcfit global group gmbh
1081,23.45790554,0,1,29.0,etc,HR,0,1,0,0,7.0,7.6,3.3,3.3,6.7,0,1,Mcfit global group gmbh
1082,132.4024641,0,0,25.0,Retail,IT,1,0,0,0,4.6,6.9,2.6,4.8,6.0,1,0,Intertoys
1083,45.79876797,1,1,27.0,etc,HR,1,1,0,0,3.8,9.1,4.1,4.8,4.4,1,0,Uefa
1084,32.45995893,1,1,32.0,Banks,HR,0,0,0,0,3.8,4.1,6.4,7.9,6.7,1,0,Unicredit
1085,45.53593429,1,0,39.0,Mining,etc,0,0,0,1,3.8,6.9,4.1,7.1,7.5,0,0,Dunlop conveyor belting
1086,43.4661191,0,0,28.0,manufacture,HR,1,1,0,0,6.2,3.4,4.9,6.3,6.7,0,1,Imtech
1087,97.44558522,0,1,28.0,Banks,Sales,0,0,0,0,7.8,4.8,3.3,6.3,7.5,0,1,Unicredit
1088,25.33059548,0,1,32.0,Retail,HR,1,0,0,0,8.6,3.4,3.3,6.3,2.1,1,0,Sarenza
1089,29.96303901,0,0,32.0,IT,IT,1,0,0,0,3.8,7.6,4.9,4.8,4.4,1,0,Sita
1090,52.73100616,1,1,45.0,manufacture,HR,0,0,1,0,5.4,4.1,8.0,4.8,3.7,1,0,Siemens
1091,52.73100616,1,1,45.0,manufacture,HR,0,0,1,0,5.4,5.5,5.7,4.0,8.3,1,0,"Mettler-toledo international, inc"
1092,52.73100616,1,1,45.0,manufacture,HR,0,0,1,0,3.8,8.4,5.7,3.3,7.5,1,0,Groupe delta dore
1093,20.46817248,0,1,31.0,Consult,HR,1,0,0,0,2.2,6.9,6.4,4.8,2.1,1,0,Soges s.p.a.
1094,42.94045175,1,0,23.0,Banks,HR,1,1,0,0,4.6,7.6,5.7,4.0,5.2,1,0,Unicredit
1095,89.36344969,1,1,22.0,PowerGeneration,HR,0,0,0,0,7.0,4.8,4.9,6.3,7.5,1,0,Mbp group
1096,90.90759754,0,0,32.0,IT,IT,1,0,0,0,7.0,4.1,4.1,5.6,6.0,0,1,Marktel
1097,9.921971253,0,1,20.0,IT,IT,1,0,0,0,9.4,4.8,2.6,4.8,9.0,1,0,Sita
1098,16.49281314,0,1,34.0,Retail,HR,0,1,0,0,9.4,5.5,1.8,4.8,6.7,0,1,Global intergold
1099,51.87679671,1,1,19.0,Agriculture,etc,0,0,0,0,9.4,6.2,3.3,4.0,6.0,0,1,Syngenta
1100,34.95687885,0,0,38.0,Retail,Sales,0,0,0,0,7.0,2.6,6.4,5.6,5.2,1,0,Lidl italia
1101,95.96714579,0,1,33.0,Retail,BusinessDevelopment,1,0,0,1,4.6,3.4,6.4,6.3,6.7,0,0,Intertoys
1102,0.755646817,1,1,43.0,Retail,HR,0,1,0,0,7.0,5.5,4.1,4.0,5.2,1,0,Global intergold
1103,16.65708419,0,1,38.0,manufacture,HR,1,1,0,0,5.4,4.8,5.7,4.0,3.7,1,0,Siemens
1104,17.41273101,1,1,27.0,Retail,HR,1,1,1,0,7.8,5.5,5.7,6.3,6.0,0,1,General optica
1105,79.54004107,0,0,34.0, HoReCa,IT,0,0,0,0,3.8,5.5,6.4,4.0,4.4,1,0,Buffalo grill
1106,86.83367556,1,0,24.0,Mining,Engineer,0,0,0,0,3.8,6.2,8.0,4.0,2.9,1,0,Dunlop conveyor belting
1107,59.00616016,1,0,36.0,Retail,etc,0,0,0,0,3.8,4.1,8.7,6.3,5.2,1,0,Intertoys
1108,46.22587269,1,0,29.0,etc,PR,0,0,0,0,7.0,6.2,2.6,6.3,7.5,1,0,Mcfit global group gmbh
1109,153.100616,0,0,43.0,IT,Sales,0,0,0,0,6.2,3.4,4.9,7.9,5.2,0,1,Canon nederland n.v.
1110,7.162217659,0,1,39.0,transport,HR,0,1,0,0,3.0,7.6,7.2,4.0,7.5,1,0,Sbb cargo
1111,7.162217659,0,1,39.0,transport,HR,0,1,0,0,1.4,8.4,8.0,4.8,6.0,1,0,Sbb cargo
1112,6.800821355,0,0,31.0,IT,IT,0,0,0,0,7.8,3.4,1.8,8.7,6.7,1,0,Giesecke & devrient
1113,79.80287474,0,0,34.0,IT,IT,0,0,1,0,3.8,5.5,6.4,4.0,4.4,1,0,Sita
1114,94.78439425,0,1,31.0,Retail,HR,1,0,0,1,6.2,6.2,3.3,4.0,9.0,0,0,Coin
1115,94.78439425,0,1,31.0,Retail,HR,1,0,0,1,5.4,6.2,4.9,6.3,7.5,0,0,Lidl italia
1116,59.17043121,0,1,22.0,Retail,HR,1,1,0,0,8.6,4.8,2.6,7.1,8.3,1,0,Coin
1117,11.00616016,1,0,41.0,Consult,HR,0,0,0,0,3.8,4.1,6.4,9.4,6.0,1,0,Vertone
1118,6.800821355,0,0,25.0,manufacture,HR,0,1,0,0,5.4,4.8,6.4,7.1,8.3,1,0,Simon
1119,26.67761807,0,1,19.0,IT,HR,1,1,0,0,7.0,2.6,6.4,7.1,2.1,1,0,Giesecke & devrient
1120,11.56468172,0,0,41.0,IT,IT,0,0,0,1,5.4,4.1,4.9,7.9,7.5,0,0,Teoresi s.p.a
1121,53.35523614,0,1,27.0,IT,HR,0,0,0,0,3.0,5.5,6.4,6.3,4.4,1,0,Sita
1122,12.5174538,0,0,48.0,manufacture,Marketing,0,0,0,0,1.4,6.9,6.4,8.7,6.0,1,0,Imtech
1123,6.669404517,0,1,27.0,Banks,HR,0,1,0,0,9.4,5.5,3.3,4.0,7.5,1,0,Credit suisse
1124,10.61190965,0,1,41.0,Banks,HR,1,0,0,0,8.6,3.4,2.6,4.8,8.3,1,0,Société générale
1125,10.61190965,0,1,41.0,Banks,HR,1,0,0,0,8.6,3.4,2.6,4.8,8.3,1,0,Lbbw
1126,118.8008214,0,1,34.0,Telecom,Accounting,0,1,0,0,4.6,5.5,7.2,6.3,3.7,1,0,Vodafoneziggo
1127,49.41273101,0,1,51.0,Consult,HR,0,0,1,0,3.8,7.6,5.7,6.3,5.2,1,0,Vertone
1128,24.83778234,0,1,29.0,Retail,HR,0,1,0,0,9.4,1.2,4.1,5.6,6.7,0,1,General optica
